canonical_key,operator,line,render_kind,shape_class,session,built,display_line_ids,parts,drawn_km,drawn_stations,n02_km,semantic_km,audit_stations,n02_station_features,audit_edges,anchor_pass,anchor_warning,anchor_error,topology_status,topology_findings,builder_notes,skip_edges_dropped,not_drawn_reason,official_km,official_stations,source_url,verdict,review_notes
IRいしかわ鉄道␟IRいしかわ鉄道線,IRいしかわ鉄道,IRいしかわ鉄道線,third_sector,ordinary_linear,55,yes,jp-IRいしかわ鉄道-IRいしかわ鉄道線,1,64.304,19,64.53,60.188,19,19,18,19,0,0,PASS,,,0,,64.2,19,https://ja.wikipedia.org/wiki/IRいしかわ鉄道線,ok,infobox 旅客駅18 excludes boundary terminus 大聖寺 (ハピライン管理); 19 stations served
JR東海交通事業␟城北線,JR東海交通事業,城北線,private,ordinary_linear,52,yes,jp-JR東海交通事業-城北線,1,11.25,6,12.07,10.635,6,6,5,6,0,0,PASS,,,0,,11.2,6,https://ja.wikipedia.org/wiki/JR東海交通事業城北線,ok,
WILLER　TRAINS␟宮津線,WILLER　TRAINS,宮津線,third_sector,ordinary_linear,53,yes,jp-WILLER　TRAINS-宮津線,1,83.823,19,84.086,81.262,19,19,18,19,0,0,PASS,,,0,,83.6,19,https://ja.wikipedia.org/wiki/宮津線,ok,
WILLER　TRAINS␟宮福線,WILLER　TRAINS,宮福線,third_sector,ordinary_linear,53,yes,jp-WILLER　TRAINS-宮福線,1,30.443,14,30.548,29.431,14,14,13,14,0,0,PASS,,,0,,30.4,14,https://ja.wikipedia.org/wiki/宮福線,ok,
あいの風とやま鉄道␟あいの風とやま鉄道線,あいの風とやま鉄道,あいの風とやま鉄道線,third_sector,ordinary_linear,54,yes,jp-あいの風とやま鉄道-あいの風とやま鉄道線,1,100.053,23,104.841,95.13,23,23,22,23,0,0,PASS,,,0,,100.1,23,https://ja.wikipedia.org/wiki/あいの風とやま鉄道線,ok,infobox 24駅 includes 1 freight-only station (富山貨物)
いすみ鉄道␟いすみ線,いすみ鉄道,いすみ線,third_sector,ordinary_linear,56,yes,jp-いすみ鉄道-いすみ線,1,26.925,14,27.048,25.823,14,14,13,14,0,0,PASS,,,0,,26.8,14,https://ja.wikipedia.org/wiki/いすみ線,ok,
えちごトキめき鉄道␟妙高はねうまライン,えちごトキめき鉄道,妙高はねうまライン,third_sector,ordinary_linear,54,yes,jp-えちごトキめき鉄道-妙高はねうまライン,1,37.064,10,37.115,35.428,10,10,9,9,1,0,PASS,,,0,,37.7,10,https://ja.wikipedia.org/wiki/妙高はねうまライン,ok,
えちごトキめき鉄道␟日本海ひすいライン,えちごトキめき鉄道,日本海ひすいライン,third_sector,ordinary_linear,54,yes,jp-えちごトキめき鉄道-日本海ひすいライン,1,59.053,13,63.841,56.511,13,13,12,13,0,0,PASS,,,0,,59.3,13,https://ja.wikipedia.org/wiki/日本海ひすいライン,ok,
えちぜん鉄道␟三国芦原線,えちぜん鉄道,三国芦原線,third_sector,ordinary_linear,54,yes,jp-えちぜん鉄道-三国芦原線,1,25.342,22,25.406,23.814,22,22,21,22,0,0,PASS,,,0,,25.2,23,https://ja.wikipedia.org/wiki/三国芦原線,mismatch_stations,臨時駅 仁愛グランド前 not drawn; all 22 regular stations present
えちぜん鉄道␟勝山永平寺線,えちぜん鉄道,勝山永平寺線,third_sector,ordinary_linear,54,yes,jp-えちぜん鉄道-勝山永平寺線,1,27.621,23,27.696,26.041,23,23,22,23,0,0,PASS,,,0,,27.8,23,https://ja.wikipedia.org/wiki/勝山永平寺線,ok,
くま川鉄道␟湯前線,くま川鉄道,湯前線,third_sector,ordinary_linear,56,yes,jp-くま川鉄道-湯前線,1,24.768,14,24.926,23.74,14,14,13,14,0,0,PASS,,,0,,24.8,14,https://ja.wikipedia.org/wiki/湯前線,ok,
こうべ未来都市機構␟摩耶ケーブル線,こうべ未来都市機構,摩耶ケーブル線,funicular,ordinary_linear,65,yes,jp-こうべ未来都市機構-摩耶ケーブル線,1,0.845,2,0.895,0.796,2,2,1,2,0,0,PASS,,,0,,0.9,2,https://ja.wikipedia.org/wiki/摩耶ケーブル線,ok,
しなの鉄道␟しなの鉄道線,しなの鉄道,しなの鉄道線,third_sector,ordinary_linear,53,yes,jp-しなの鉄道-しなの鉄道線,1,64.956,19,65.265,60.684,19,19,18,19,0,0,PASS,,,0,,65.1,19,https://ja.wikipedia.org/wiki/しなの鉄道線,ok,
しなの鉄道␟北しなの線,しなの鉄道,北しなの線,third_sector,ordinary_linear,53,yes,jp-しなの鉄道-北しなの線,1,37.369,8,37.577,35.882,8,8,7,8,0,0,PASS,,,0,,37.3,8,https://ja.wikipedia.org/wiki/北しなの線,ok,
とさでん交通␟伊野線,とさでん交通,伊野線,tram,ordinary_linear,60,yes,jp-とさでん交通-伊野線,1,11.168,34,11.215,9.254,34,34,33,34,0,0,PASS,,,0,,11.2,34,https://ja.wikipedia.org/wiki/とさでん交通伊野線,ok,
とさでん交通␟後免線,とさでん交通,後免線,tram,ordinary_linear,60,yes,jp-とさでん交通-後免線,1,10.817,33,10.88,8.805,33,33,32,33,0,0,PASS,,,0,,10.9,33,https://ja.wikipedia.org/wiki/とさでん交通後免線,ok,
とさでん交通␟桟橋線,とさでん交通,桟橋線,tram,ordinary_linear,60,yes,jp-とさでん交通-桟橋線,1,2.313,8,2.365,2.0,8,8,7,8,0,0,PASS,,,0,,2.4,8,https://ja.wikipedia.org/wiki/とさでん交通桟橋線,ok,
とさでん交通␟駅前線,とさでん交通,駅前線,tram,ordinary_linear,60,yes,jp-とさでん交通-駅前線,1,0.828,4,0.879,0.709,4,4,3,4,0,0,PASS,,,0,,0.8,4,https://ja.wikipedia.org/wiki/とさでん交通駅前線,ok,
のと鉄道␟七尾線,のと鉄道,七尾線,third_sector,ordinary_linear,55,yes,jp-のと鉄道-七尾線,1,33.128,8,33.309,32.255,8,8,7,8,0,0,PASS,,,0,,33.1,8,https://ja.wikipedia.org/wiki/のと鉄道七尾線,ok,
ひたちなか海浜鉄道␟湊線,ひたちなか海浜鉄道,湊線,third_sector,ordinary_linear,57,yes,jp-ひたちなか海浜鉄道-湊線,1,14.158,11,14.23,13.292,11,11,10,11,0,0,PASS,,,0,,14.3,11,https://ja.wikipedia.org/wiki/湊線,ok,
ゆりかもめ␟東京臨海新交通臨海線,ゆりかもめ,東京臨海新交通臨海線,agt,ordinary_linear,63,yes,jp-ゆりかもめ-東京臨海新交通臨海線,1,14.691,16,14.864,13.364,16,16,15,16,0,0,PASS,,,0,,14.7,16,https://ja.wikipedia.org/wiki/東京臨海新交通臨海線,ok,
わたらせ渓谷鐵道␟わたらせ渓谷線,わたらせ渓谷鐵道,わたらせ渓谷線,third_sector,ordinary_linear,55,yes,jp-わたらせ渓谷鐵道-わたらせ渓谷線,1,44.148,17,44.265,42.831,17,17,16,17,0,0,PASS,,,0,,44.1,17,https://ja.wikipedia.org/wiki/わたらせ渓谷線,ok,
アイジーアールいわて銀河鉄道␟いわて銀河鉄道線,アイジーアールいわて銀河鉄道,いわて銀河鉄道線,third_sector,ordinary_linear,54,yes,jp-アイジーアールいわて銀河鉄道-いわて銀河鉄道線,1,82.123,18,92.559,78.813,18,18,17,18,0,0,PASS,,,0,,82.0,18,https://ja.wikipedia.org/wiki/いわて銀河鉄道線,ok,
アルピコ交通␟上高地線,アルピコ交通,上高地線,private,ordinary_linear,51,yes,jp-アルピコ交通-上高地線,1,14.403,14,14.494,13.496,14,14,13,14,0,0,PASS,,,0,,14.4,14,https://ja.wikipedia.org/wiki/上高地線,ok,
ハピラインふくい␟ハピラインふくい線,ハピラインふくい,ハピラインふくい線,third_sector,ordinary_linear,54,yes,jp-ハピラインふくい-ハピラインふくい線,1,84.414,20,85.781,80.597,20,19,19,20,0,0,PASS,,"1 interval(s) differ from the audited distance: [('王子保', 'しきぶ', 2.687, 2.472)]",0,,84.3,20,https://ja.wikipedia.org/wiki/ハピラインふくい線,ok,infobox 21駅 includes 1 freight-only station (南福井)
ラクテンチ␟別府ラクテンチケーブル線,ラクテンチ,別府ラクテンチケーブル線,funicular,ordinary_linear,65,yes,jp-ラクテンチ-別府ラクテンチケーブル線,1,0.238,2,0.287,0.19,2,2,1,2,0,0,PASS,,,0,,0.3,2,https://ja.wikipedia.org/wiki/別府ラクテンチケーブル線,ok,infobox rounds to 0.3 km; exact incline 253.5 m
一畑電車␟北松江線,一畑電車,北松江線,private,ordinary_linear,49,yes,jp-一畑電車-北松江線,1,33.925,22,34.01,32.265,22,22,21,22,0,0,PASS,,,0,,33.9,22,https://ja.wikipedia.org/wiki/一畑電車北松江線,ok,
一畑電車␟大社線,一畑電車,大社線,private,ordinary_linear,49,yes,jp-一畑電車-大社線,1,8.32,5,8.394,8.015,5,5,4,5,0,0,PASS,,,0,,8.3,5,https://ja.wikipedia.org/wiki/一畑電車大社線,ok,
一般社団法人札幌市交通事業振興公社␟1条線,一般社団法人札幌市交通事業振興公社,1条線,tram,ordinary_linear,61,yes,jp-一般社団法人札幌市交通事業振興公社-1条線,1,1.403,4,1.456,1.256,4,4,3,4,0,0,PASS,,,0,,1.436,4,https://ja.wikipedia.org/wiki/札幌市電,ok,per-line 路線データ in the 札幌市電 network article
一般社団法人札幌市交通事業振興公社␟山鼻線,一般社団法人札幌市交通事業振興公社,山鼻線,tram,ordinary_linear,61,yes,jp-一般社団法人札幌市交通事業振興公社-山鼻線,1,3.975,12,4.024,3.427,12,12,11,12,0,0,PASS,,,0,,3.866,12,https://ja.wikipedia.org/wiki/札幌市電,ok,per-line 路線データ in the 札幌市電 network article
一般社団法人札幌市交通事業振興公社␟山鼻西線,一般社団法人札幌市交通事業振興公社,山鼻西線,tram,ordinary_linear,61,yes,jp-一般社団法人札幌市交通事業振興公社-山鼻西線,1,3.095,9,3.145,2.695,9,9,8,9,0,0,PASS,,,0,,3.154,9,https://ja.wikipedia.org/wiki/札幌市電,ok,per-line 路線データ in the 札幌市電 network article
一般社団法人札幌市交通事業振興公社␟都心線,一般社団法人札幌市交通事業振興公社,都心線,tram,ordinary_linear,61,yes,jp-一般社団法人札幌市交通事業振興公社-都心線,1,0.441,3,0.92,0.322,3,4,2,3,0,0,PASS,,,0,,0.449,3,https://ja.wikipedia.org/wiki/札幌市電,ok,per-line 路線データ in the 札幌市電 network article
一般財団法人青函トンネル記念館␟青函トンネル竜飛斜坑線,一般財団法人青函トンネル記念館,青函トンネル竜飛斜坑線,funicular,ordinary_linear,65,yes,jp-一般財団法人青函トンネル記念館-青函トンネル竜飛斜坑線,1,0.247,2,0.296,0.198,2,2,1,2,0,0,PASS,,,0,,0.8,2,https://ja.wikipedia.org/wiki/青函トンネル竜飛斜坑線,ok,passes the 1 km rule but drawn 0.247 km is far short of the 778 m incline; worth a look
万葉線␟新湊港線,万葉線,新湊港線,third_sector,ordinary_linear,57,yes,jp-万葉線-新湊港線,1,4.926,8,4.988,4.449,8,8,7,8,0,0,PASS,,,0,,4.9,8,https://ja.wikipedia.org/wiki/万葉線,ok,
万葉線␟高岡軌道線,万葉線,高岡軌道線,tram,ordinary_linear,61,yes,jp-万葉線-高岡軌道線,1,7.947,18,7.986,7.161,18,18,17,18,0,0,PASS,,,0,,8.0,18,https://ja.wikipedia.org/wiki/万葉線,ok,
三岐鉄道␟三岐線,三岐鉄道,三岐線,private,ordinary_linear,49,yes,jp-三岐鉄道-三岐線,1,23.945,14,25.577,24.495,14,14,13,14,0,0,PASS,,,0,,26.5,15,https://ja.wikipedia.org/wiki/三岐線,mismatch_both,drawn starts at 大矢知; 富田 station and the 富田-大矢知 stretch (incl freight-only 富田-三岐朝明) missing
三岐鉄道␟北勢線,三岐鉄道,北勢線,private,ordinary_linear,49,yes,jp-三岐鉄道-北勢線,1,20.276,13,20.361,19.324,13,13,12,13,0,0,PASS,,,0,,20.4,13,https://ja.wikipedia.org/wiki/北勢線,ok,
三岐鉄道␟近鉄連絡線,三岐鉄道,近鉄連絡線,private,ordinary_linear,49,no,,0,,,1.171,1.033,1,1,0,0,0,0,,,,0,no adjacency rows for this line,1.1,1,https://ja.wikipedia.org/wiki/三岐線,mismatch_both,近鉄富田-三岐朝明信号場 not drawn at all (0 parts)
三陸鉄道␟リアス線,三陸鉄道,リアス線,third_sector,ordinary_linear,53,yes,jp-三陸鉄道-リアス線,1,55.298,15,55.431,53.827,15,15,14,15,0,0,PASS,,,0,,55.4,15,https://ja.wikipedia.org/wiki/三陸鉄道リアス線,ok,釜石-宮古 (ex-山田線) section of the unified リアス線
三陸鉄道␟北リアス線,三陸鉄道,北リアス線,third_sector,ordinary_linear,53,yes,jp-三陸鉄道-北リアス線,1,71.138,18,71.303,69.758,18,18,17,18,0,0,PASS,,,0,,71.0,18,https://ja.wikipedia.org/wiki/三陸鉄道リアス線,ok,宮古-久慈 section of the unified リアス線
三陸鉄道␟南リアス線,三陸鉄道,南リアス線,third_sector,ordinary_linear,53,yes,jp-三陸鉄道-南リアス線,1,36.556,10,36.639,35.848,10,10,9,10,0,0,PASS,,,0,,36.6,10,https://ja.wikipedia.org/wiki/三陸鉄道リアス線,ok,盛-釜石 section of the unified リアス線
上信電鉄␟上信線,上信電鉄,上信線,private,ordinary_linear,51,yes,jp-上信電鉄-上信線,1,33.562,21,33.651,32.041,21,21,20,21,0,0,PASS,,,0,,33.7,21,https://ja.wikipedia.org/wiki/上信電鉄上信線,ok,
上毛電気鉄道␟上毛線,上毛電気鉄道,上毛線,private,ordinary_linear,51,yes,jp-上毛電気鉄道-上毛線,1,25.217,23,25.325,23.551,23,23,22,23,0,0,PASS,,,0,,25.4,23,https://ja.wikipedia.org/wiki/上毛電気鉄道上毛線,ok,
上田電鉄␟別所線,上田電鉄,別所線,private,ordinary_linear,52,yes,jp-上田電鉄-別所線,1,11.632,15,11.818,10.498,15,15,14,15,0,0,PASS,,,0,,11.6,15,https://ja.wikipedia.org/wiki/上田電鉄別所線,ok,
丹後海陸交通␟天橋立鋼索鉄道,丹後海陸交通,天橋立鋼索鉄道,funicular,ordinary_linear,65,yes,jp-丹後海陸交通-天橋立鋼索鉄道,1,0.319,2,0.357,0.283,2,2,1,2,0,0,PASS,,,0,,0.4,2,https://ja.wikipedia.org/wiki/天橋立鋼索鉄道,ok,
九州旅客鉄道␟三角線,九州旅客鉄道,三角線,jr_conventional,ordinary_linear,28,yes,jp-九州旅客鉄道-三角線,1,25.575,9,25.871,24.776,9,9,8,9,0,0,PASS,,,0,,25.6,9,https://ja.wikipedia.org/wiki/三角線,ok,
九州旅客鉄道␟久大線,九州旅客鉄道,久大線,jr_conventional,ordinary_linear,27,yes,jp-九州旅客鉄道-久大線,1,140.681,37,140.865,136.648,37,37,36,37,0,0,PASS,,,0,,141.5,37,https://ja.wikipedia.org/wiki/久大本線,ok,
九州旅客鉄道␟九州新幹線,九州旅客鉄道,九州新幹線,shinkansen,ordinary_linear,16,yes,jp-九州旅客鉄道-九州新幹線,1,257.19,12,257.534,254.807,12,12,11,12,0,0,PASS,,,0,,256.8,12,https://ja.wikipedia.org/wiki/九州新幹線_(鹿児島ルート),ok,compared to 実キロ 256.8; 営業キロ 288.9 is fare-basis via 鹿児島本線
九州旅客鉄道␟佐世保線,九州旅客鉄道,佐世保線,jr_conventional,branched_terminal,28,yes,jp-九州旅客鉄道-佐世保線|jp-九州旅客鉄道-佐世保線-2,2,54.819,16,48.833,46.104,14,14,14,16,0,0,WARNING,sharp_artificial_turn,trunk plus 1 branch(es) split from the graph (1 rejoining route(s)),0,,48.8,14,https://ja.wikipedia.org/wiki/佐世保線,mismatch_both,"三河内-大塔 drawn twice: one part bypasses 早岐, the other runs via it (+6.0 km, +2 stations)"
九州旅客鉄道␟吉都線,九州旅客鉄道,吉都線,jr_conventional,ordinary_linear,28,yes,jp-九州旅客鉄道-吉都線,1,61.619,17,61.776,60.012,17,17,16,17,0,0,PASS,,,0,,61.6,17,https://ja.wikipedia.org/wiki/吉都線,ok,
九州旅客鉄道␟唐津線,九州旅客鉄道,唐津線,jr_conventional,ordinary_linear,28,yes,jp-九州旅客鉄道-唐津線,1,42.484,13,42.719,40.809,13,13,12,13,0,0,PASS,,,0,,42.5,13,https://ja.wikipedia.org/wiki/唐津線,ok,drawn 42.484/13 matches infobox
九州旅客鉄道␟大村線,九州旅客鉄道,大村線,jr_conventional,ordinary_linear,28,yes,jp-九州旅客鉄道-大村線,1,47.725,15,48.029,45.856,15,15,14,15,0,0,PASS,,,0,,47.6,15,https://ja.wikipedia.org/wiki/大村線,ok,"drawn 47.725/15, +0.13 km"
九州旅客鉄道␟宮崎空港線,九州旅客鉄道,宮崎空港線,jr_conventional,ordinary_linear,28,yes,jp-九州旅客鉄道-宮崎空港線,1,1.36,2,1.491,1.228,2,2,1,2,0,0,PASS,,,0,,1.4,2,https://ja.wikipedia.org/wiki/宮崎空港線,ok,drawn 1.360/2
九州旅客鉄道␟山陽線,九州旅客鉄道,山陽線,jr_conventional,ordinary_linear,28,yes,jp-九州旅客鉄道-山陽線,1,6.051,2,6.342,5.76,2,2,1,2,0,0,PASS,,,0,,6.3,2,https://ja.wikipedia.org/wiki/山陽本線,ok,"JR九州区間 下関-門司 only, drawn 6.051/2"
九州旅客鉄道␟後藤寺線,九州旅客鉄道,後藤寺線,jr_conventional,ordinary_linear,28,yes,jp-九州旅客鉄道-後藤寺線,1,13.258,6,13.382,12.763,6,6,5,6,0,0,PASS,,,0,,13.3,6,https://ja.wikipedia.org/wiki/後藤寺線,ok,drawn 13.258/6
九州旅客鉄道␟指宿枕崎線,九州旅客鉄道,指宿枕崎線,jr_conventional,ordinary_linear,27,yes,jp-九州旅客鉄道-指宿枕崎線,1,87.813,36,87.994,84.517,36,36,35,36,0,0,PASS,,,0,,87.8,36,https://ja.wikipedia.org/wiki/指宿枕崎線,ok,drawn 87.813/36
九州旅客鉄道␟日南線,九州旅客鉄道,日南線,jr_conventional,ordinary_linear,27,yes,jp-九州旅客鉄道-日南線,1,89.135,28,89.301,86.877,28,28,27,28,0,0,PASS,,,0,,88.9,28,https://ja.wikipedia.org/wiki/日南線,ok,"drawn 89.135/28, +0.24 km"
九州旅客鉄道␟日田彦山線,九州旅客鉄道,日田彦山線,jr_conventional,ordinary_linear,27,yes,jp-九州旅客鉄道-日田彦山線,1,68.742,24,68.933,66.138,24,24,23,24,0,0,PASS,,,0,,68.7,24,https://ja.wikipedia.org/wiki/日田彦山線,ok,添田-夜明 is BRT since 2023 but infobox still counts it as the line
九州旅客鉄道␟日豊線,九州旅客鉄道,日豊線,jr_conventional,disconnected,27,yes,jp-九州旅客鉄道-日豊線|jp-九州旅客鉄道-日豊線-2,2,453.508,112,475.21,444.702,112,113,111,112,0,0,WARNING,uncovered_corridor,"臼杵–日代 skips 津久見 over the same track — service edge, not a second alignment; 2 disconnected piece(s) drawn as separate display lines",1,,462.6,111,https://ja.wikipedia.org/wiki/日豊本線,ok,within 3% but -9.1 km and split in 2 parts: 中山香-杵築 link appears missing
九州旅客鉄道␟筑肥線,九州旅客鉄道,筑肥線,jr_conventional,disconnected,27,yes,jp-九州旅客鉄道-筑肥線|jp-九州旅客鉄道-筑肥線-2,2,68.253,31,68.652,64.736,31,31,29,31,0,0,PASS,,2 disconnected piece(s) drawn as separate display lines,0,,68.3,31,https://ja.wikipedia.org/wiki/筑肥線,ok,"42.6+25.7 two detached sections, drawn 68.253/31"
九州旅客鉄道␟筑豊線,九州旅客鉄道,筑豊線,jr_conventional,ordinary_linear,27,yes,jp-九州旅客鉄道-筑豊線,1,65.958,25,66.931,62.225,25,26,24,25,0,0,PASS,,,0,,66.1,25,https://ja.wikipedia.org/wiki/筑豊本線,ok,drawn 65.958/25
九州旅客鉄道␟篠栗線,九州旅客鉄道,篠栗線,jr_conventional,ordinary_linear,28,yes,jp-九州旅客鉄道-篠栗線,1,24.903,11,25.145,23.505,11,11,10,11,0,0,PASS,,,0,,25.1,11,https://ja.wikipedia.org/wiki/篠栗線,ok,drawn 24.903/11
九州旅客鉄道␟肥薩線,九州旅客鉄道,肥薩線,jr_conventional,loop_and_switchbacks_suspended,27,yes,jp-九州旅客鉄道-肥薩線|jp-九州旅客鉄道-肥薩線-2,2,143.33,30,124.746,121.425,28,28,29,30,0,0,WARNING,sharp_artificial_turn,"矢岳–吉松 skips 真幸 over the same track — service edge, not a second alignment; trunk plus 1 branch(es) split from the graph (1 rejoining route(s))",1,,124.2,28,https://ja.wikipedia.org/wiki/肥薩線,mismatch_both,人吉-矢岳 (19.9 km) drawn twice: trunk skip edge plus the 大畑 part
九州旅客鉄道␟西九州新幹線,九州旅客鉄道,西九州新幹線,shinkansen,ordinary_linear,16,yes,jp-九州旅客鉄道-西九州新幹線,1,66.072,5,66.285,65.301,5,5,4,5,0,0,PASS,,,0,,69.6,5,https://ja.wikipedia.org/wiki/西九州新幹線,ok,"営業キロ 69.6 is the nominal parallel-line figure, 実距離 66 km matches drawn 66.072"
九州旅客鉄道␟豊肥線,九州旅客鉄道,豊肥線,jr_conventional,ordinary_linear,27,yes,jp-九州旅客鉄道-豊肥線,1,147.596,37,148.206,144.107,37,37,36,36,1,0,PASS,,,0,,148.0,37,https://ja.wikipedia.org/wiki/豊肥本線,ok,drawn 147.596/37
九州旅客鉄道␟長崎線,九州旅客鉄道,長崎線,jr_conventional,branched_terminal,27,yes,jp-九州旅客鉄道-長崎線|jp-九州旅客鉄道-長崎線-2|jp-九州旅客鉄道-長崎線-3,3,152.452,44,149.321,138.989,41,41,41,43,1,0,WARNING,sharp_artificial_turn; uncovered_corridor,trunk plus 2 branch(es) split from the graph (1 rejoining route(s)),0,,148.8,42,https://ja.wikipedia.org/wiki/長崎本線,ok,"sum of 4 passenger sections 39.6+60.8+24.9+23.5, +3.7 km within 3% but 東園-喜々津 link absent and 現川-浦上-西浦上 drawn twice"
九州旅客鉄道␟香椎線,九州旅客鉄道,香椎線,jr_conventional,ordinary_linear,28,yes,jp-九州旅客鉄道-香椎線,1,24.876,16,25.129,23.405,16,16,15,16,0,0,PASS,,,0,,25.4,16,https://ja.wikipedia.org/wiki/香椎線,ok,drawn 24.876/16
九州旅客鉄道␟鹿児島線,九州旅客鉄道,鹿児島線,jr_conventional,disconnected,27,yes,jp-九州旅客鉄道-鹿児島線|jp-九州旅客鉄道-鹿児島線-2,2,279.666,96,300.773,267.858,96,99,95,96,0,0,PASS,,"八幡–陣原 skips 黒崎 over the same track — service edge, not a second alignment; 2 disconnected piece(s) drawn as separate display lines | anchors re-chosen against the audited distances — several tracks share this line's N02 key | 1 interval(s) differ from the audited distance: [('水巻', '折尾', 2.237, 1.685)]",1,,281.6,96,https://ja.wikipedia.org/wiki/鹿児島本線,ok,"232.3+49.3 passenger km, 香椎-福岡貨物ターミナル 3.7 km freight branch not drawn"
井原鉄道␟井原線,井原鉄道,井原線,third_sector,ordinary_linear,55,yes,jp-井原鉄道-井原線,1,41.785,15,41.963,40.484,15,15,14,15,0,0,PASS,,,0,,41.7,15,https://ja.wikipedia.org/wiki/井原線,ok,drawn 41.785/15
京成電鉄␟千原線,京成電鉄,千原線,private,ordinary_linear,37,yes,jp-京成電鉄-千原線,1,10.95,6,11.142,10.265,6,6,5,6,0,0,PASS,,,0,,10.9,6,https://ja.wikipedia.org/wiki/京成千原線,ok,drawn 10.950/6
京成電鉄␟千葉線,京成電鉄,千葉線,private,ordinary_linear,37,yes,jp-京成電鉄-千葉線,1,12.765,10,12.923,11.901,10,10,9,10,0,0,PASS,,,0,,12.9,10,https://ja.wikipedia.org/wiki/京成千葉線,ok,drawn 12.765/10
京成電鉄␟成田空港線,京成電鉄,成田空港線,private,ordinary_linear,37,yes,jp-京成電鉄-成田空港線,1,51.336,8,52.181,50.088,8,8,7,8,0,0,PASS,,,0,,51.4,8,https://ja.wikipedia.org/wiki/京成成田空港線,ok,drawn 51.336/8
京成電鉄␟押上線,京成電鉄,押上線,private,ordinary_linear,37,yes,jp-京成電鉄-押上線,1,5.769,6,5.937,4.974,6,6,5,6,0,0,PASS,,,0,,5.7,6,https://ja.wikipedia.org/wiki/京成押上線,ok,drawn 5.769/6
京成電鉄␟本線,京成電鉄,本線,private,ordinary_linear,37,yes,jp-京成電鉄-本線,1,69.159,42,69.367,64.037,42,42,41,42,0,0,PASS,,,0,,69.3,42,https://ja.wikipedia.org/wiki/京成本線,ok,drawn 69.159/42
京成電鉄␟東成田線,京成電鉄,東成田線,private,ordinary_linear,37,yes,jp-京成電鉄-東成田線,1,7.085,2,7.251,6.925,2,2,1,2,0,0,PASS,,,0,,7.1,2,https://ja.wikipedia.org/wiki/京成東成田線,ok,drawn 7.085/2
京成電鉄␟松戸線,京成電鉄,松戸線,private,ordinary_linear,37,yes,jp-京成電鉄-松戸線,1,26.619,24,26.783,23.901,24,24,23,24,0,0,PASS,,,0,,26.5,24,https://ja.wikipedia.org/wiki/京成松戸線,ok,"former 新京成線, renamed 2025-04-01, drawn 26.619/24"
京成電鉄␟金町線,京成電鉄,金町線,private,ordinary_linear,37,yes,jp-京成電鉄-金町線,1,2.51,3,2.623,2.299,3,3,2,3,0,0,PASS,,,0,,2.5,3,https://ja.wikipedia.org/wiki/京成金町線,ok,drawn 2.510/3
京浜急行電鉄␟久里浜線,京浜急行電鉄,久里浜線,private,ordinary_linear,39,yes,jp-京浜急行電鉄-久里浜線,1,13.381,9,13.526,12.195,9,9,8,9,0,0,PASS,,,0,,13.4,9,https://ja.wikipedia.org/wiki/京急久里浜線,ok,drawn 13.381/9
京浜急行電鉄␟大師線,京浜急行電鉄,大師線,private,ordinary_linear,39,yes,jp-京浜急行電鉄-大師線,1,4.372,7,4.463,3.886,7,7,6,7,0,0,PASS,,,0,,4.5,7,https://ja.wikipedia.org/wiki/京急大師線,ok,drawn 4.372/7
京浜急行電鉄␟本線,京浜急行電鉄,本線,private,ordinary_linear,39,yes,jp-京浜急行電鉄-本線,1,56.588,50,56.752,50.324,50,50,49,50,0,0,PASS,,,0,,56.7,50,https://ja.wikipedia.org/wiki/京急本線,ok,drawn 56.588/50
京浜急行電鉄␟空港線,京浜急行電鉄,空港線,private,ordinary_linear,39,yes,jp-京浜急行電鉄-空港線,1,6.501,7,6.801,5.569,7,7,6,7,0,0,PASS,,,0,,6.5,7,https://ja.wikipedia.org/wiki/京急空港線,ok,drawn 6.501/7
京浜急行電鉄␟逗子線,京浜急行電鉄,逗子線,private,ordinary_linear,39,yes,jp-京浜急行電鉄-逗子線,1,5.939,4,6.083,5.635,4,4,3,4,0,0,PASS,,,0,,5.9,4,https://ja.wikipedia.org/wiki/京急逗子線,ok,drawn 5.939/4
京王電鉄␟井の頭線,京王電鉄,井の頭線,private,ordinary_linear,38,yes,jp-京王電鉄-井の頭線,1,12.751,17,12.86,11.039,17,17,16,17,0,0,PASS,,,0,,12.7,17,https://ja.wikipedia.org/wiki/京王井の頭線,ok,drawn 12.751/17
京王電鉄␟京王線,京王電鉄,京王線,private,loop_with_tail,38,yes,jp-京王電鉄-京王線|jp-京王電鉄-京王線-2|jp-京王電鉄-京王線-3,3,44.442,38,40.749,35.638,34,35,35,38,0,0,PASS,,"trunk plus 2 branch(es) split from the graph (2 rejoining route(s)) | anchors re-chosen against the audited distances — several tracks share this line's N02 key | 1 interval(s) differ from the audited distance: [('新宿', '初台', 1.306, 1.122)]",0,,37.9,34,https://ja.wikipedia.org/wiki/京王線,mismatch_both,京王新線 (a 線増 not counted in 営業キロ) drawn as 2 overlapping parts so 新宿-初台-幡ヶ谷 is duplicated
京王電鉄␟動物園線,京王電鉄,動物園線,private,ordinary_linear,38,yes,jp-京王電鉄-動物園線,1,1.938,2,2.129,1.747,2,2,1,2,0,0,PASS,,,0,,2.0,2,https://ja.wikipedia.org/wiki/京王動物園線,ok,drawn 1.938/2
京王電鉄␟相模原線,京王電鉄,相模原線,private,ordinary_linear,38,yes,jp-京王電鉄-相模原線,1,22.57,12,22.773,20.295,12,12,11,12,0,0,PASS,,,0,,22.6,12,https://ja.wikipedia.org/wiki/京王相模原線,ok,drawn 22.570/12
京王電鉄␟競馬場線,京王電鉄,競馬場線,private,ordinary_linear,38,yes,jp-京王電鉄-競馬場線,1,0.954,2,1.075,0.83,2,2,1,2,0,0,PASS,,,0,,0.9,2,https://ja.wikipedia.org/wiki/京王競馬場線,ok,drawn 0.954/2
京王電鉄␟高尾線,京王電鉄,高尾線,private,ordinary_linear,38,yes,jp-京王電鉄-高尾線,1,8.585,7,8.751,7.847,7,7,6,7,0,0,PASS,,,0,,8.6,7,https://ja.wikipedia.org/wiki/京王高尾線,ok,drawn 8.585/7
京福電気鉄道␟北野線,京福電気鉄道,北野線,tram,ordinary_linear,61,yes,jp-京福電気鉄道-北野線,1,3.717,10,3.78,3.106,10,10,9,10,0,0,PASS,,,0,,3.8,10,https://ja.wikipedia.org/wiki/京福電気鉄道北野線,ok,drawn 3.717/10
京福電気鉄道␟嵐山本線,京福電気鉄道,嵐山本線,tram,ordinary_linear,61,yes,jp-京福電気鉄道-嵐山本線,1,7.148,13,7.196,6.362,13,13,12,13,0,0,PASS,,,0,,7.2,13,https://ja.wikipedia.org/wiki/京福電気鉄道嵐山本線,ok,drawn 7.148/13
京福電気鉄道␟鋼索線,京福電気鉄道,鋼索線,funicular,ordinary_linear,64,yes,jp-京福電気鉄道-鋼索線,1,1.289,2,1.336,1.243,2,2,1,2,0,0,PASS,,,0,,1.3,2,https://ja.wikipedia.org/wiki/京福電気鉄道鋼索線,ok,"叡山ケーブル, drawn 1.289/2"
京都市␟東西線,京都市,東西線,subway,ordinary_linear,34,yes,jp-京都市-東西線,1,17.441,17,17.625,15.584,17,17,16,17,0,0,PASS,,,0,,17.5,17,https://ja.wikipedia.org/wiki/京都市営地下鉄東西線,ok,drawn 17.441/17
京都市␟烏丸線,京都市,烏丸線,subway,ordinary_linear,34,yes,jp-京都市-烏丸線,1,13.862,15,14.071,11.267,15,15,14,15,0,0,PASS,,,0,,13.7,15,https://ja.wikipedia.org/wiki/京都市営地下鉄烏丸線,ok,drawn 13.862/15
京阪電気鉄道␟中之島線,京阪電気鉄道,中之島線,private,ordinary_linear,46,yes,jp-京阪電気鉄道-中之島線,1,2.746,5,2.875,2.216,5,5,4,5,0,0,PASS,,,0,,3.0,5,https://ja.wikipedia.org/wiki/京阪中之島線,ok,drawn 2.746/5
京阪電気鉄道␟交野線,京阪電気鉄道,交野線,private,ordinary_linear,46,yes,jp-京阪電気鉄道-交野線,1,6.776,8,6.899,6.086,8,8,7,8,0,0,PASS,,,0,,6.9,8,https://ja.wikipedia.org/wiki/京阪交野線,ok,drawn 6.776/8
京阪電気鉄道␟京津線,京阪電気鉄道,京津線,tram,ordinary_linear,61,yes,jp-京阪電気鉄道-京津線,1,7.483,7,7.572,7.015,7,7,6,7,0,0,PASS,,,0,,7.5,7,https://ja.wikipedia.org/wiki/京阪京津線,ok,drawn 7.483/7
京阪電気鉄道␟京阪本線,京阪電気鉄道,京阪本線,private,branch_rejoins,46,yes,jp-京阪電気鉄道-京阪本線,1,49.173,40,49.644,43.541,40,41,39,40,0,0,PASS,,"1 interval(s) differ from the audited distance: [('中書島', '伏見桃山', 0.849, 0.708)]",0,,49.3,40,https://ja.wikipedia.org/wiki/京阪本線,ok,drawn 49.173/40
京阪電気鉄道␟宇治線,京阪電気鉄道,宇治線,private,ordinary_linear,46,yes,jp-京阪電気鉄道-宇治線,1,7.649,8,7.743,6.977,8,8,7,8,0,0,PASS,,,0,,7.6,8,https://ja.wikipedia.org/wiki/京阪宇治線,ok,drawn 7.649/8
京阪電気鉄道␟石山坂本線,京阪電気鉄道,石山坂本線,tram,ordinary_linear,61,yes,jp-京阪電気鉄道-石山坂本線,1,14.048,21,14.301,12.894,21,21,20,21,0,0,PASS,,,0,,14.1,21,https://ja.wikipedia.org/wiki/京阪石山坂本線,ok,drawn 14.048/21
京阪電気鉄道␟鋼索線,京阪電気鉄道,鋼索線,funicular,ordinary_linear,65,yes,jp-京阪電気鉄道-鋼索線,1,0.377,2,0.458,0.295,2,2,1,2,0,0,PASS,,,0,,0.4,2,https://ja.wikipedia.org/wiki/京阪鋼索線,ok,"石清水八幡宮参道ケーブル, drawn 0.377/2"
京阪電気鉄道␟鴨東線,京阪電気鉄道,鴨東線,private,ordinary_linear,46,yes,jp-京阪電気鉄道-鴨東線,1,2.347,3,2.508,2.043,3,3,2,3,0,0,PASS,,,0,,2.3,3,https://ja.wikipedia.org/wiki/京阪鴨東線,ok,
仙台市␟南北線,仙台市,南北線,subway,ordinary_linear,34,yes,jp-仙台市-南北線,1,14.772,17,14.946,12.637,17,17,16,17,0,0,PASS,,,0,,14.8,17,https://ja.wikipedia.org/wiki/仙台市地下鉄南北線,ok,
仙台市␟東西線,仙台市,東西線,subway,ordinary_linear,34,yes,jp-仙台市-東西線,1,13.865,13,13.983,12.807,13,13,12,13,0,0,PASS,,,0,,13.9,13,https://ja.wikipedia.org/wiki/仙台市地下鉄東西線,ok,
仙台空港鉄道␟仙台空港線,仙台空港鉄道,仙台空港線,third_sector,ordinary_linear,57,yes,jp-仙台空港鉄道-仙台空港線,1,7.046,4,7.245,6.7,4,4,3,4,0,0,PASS,,,0,,7.1,4,https://ja.wikipedia.org/wiki/仙台空港鉄道仙台空港線,ok,
伊予鉄道␟城北線,伊予鉄道,城北線,private,ordinary_linear,48,yes,jp-伊予鉄道-城北線,1,2.727,9,2.789,2.126,9,9,8,9,0,0,PASS,,,0,,2.7,9,https://ja.wikipedia.org/wiki/伊予鉄道城北線,ok,
伊予鉄道␟城南線,伊予鉄道,城南線,tram,branched_terminal,59,yes,jp-伊予鉄道-城南線|jp-伊予鉄道-城南線-2,2,4.046,14,3.713,3.073,12,12,12,14,0,0,PASS,,trunk plus 1 branch(es) split from the graph (1 rejoining route(s)),0,,3.5,11,https://ja.wikipedia.org/wiki/伊予鉄道城南線,mismatch_stations,official 道後温泉-西堀端 11 stops but we draw 12 unique (14 summed over 2 parts)
伊予鉄道␟大手町線,伊予鉄道,大手町線,tram,ordinary_linear,59,yes,jp-伊予鉄道-大手町線,1,1.338,5,1.404,1.115,5,5,4,5,0,0,PASS,,,0,,1.4,5,https://ja.wikipedia.org/wiki/伊予鉄道大手町線,ok,
伊予鉄道␟本町線,伊予鉄道,本町線,tram,ordinary_linear,59,yes,jp-伊予鉄道-本町線,1,1.374,5,1.429,1.169,5,5,4,5,0,0,PASS,,,0,,1.5,5,https://ja.wikipedia.org/wiki/伊予鉄道本町線,ok,
伊予鉄道␟横河原線,伊予鉄道,横河原線,private,ordinary_linear,48,yes,jp-伊予鉄道-横河原線,1,13.252,15,13.333,12.157,15,15,14,15,0,0,PASS,,,0,,13.2,15,https://ja.wikipedia.org/wiki/伊予鉄道横河原線,ok,
伊予鉄道␟花園線,伊予鉄道,花園線,tram,ordinary_linear,59,yes,jp-伊予鉄道-花園線,1,0.464,2,0.52,0.405,2,2,1,2,0,0,PASS,,,0,,0.4,2,https://ja.wikipedia.org/wiki/伊予鉄道花園線,ok,
伊予鉄道␟連絡線,伊予鉄道,連絡線,tram,ordinary_linear,59,yes,jp-伊予鉄道-連絡線,1,0.169,2,0.217,0.122,2,2,1,2,0,0,PASS,,,0,,0.1,2,https://ja.wikipedia.org/wiki/伊予鉄道,ok,平和通一丁目-上一万 connector listed in the 伊予鉄道 line table
伊予鉄道␟郡中線,伊予鉄道,郡中線,private,ordinary_linear,48,yes,jp-伊予鉄道-郡中線,1,11.226,12,11.297,10.401,12,12,11,12,0,0,PASS,,,0,,11.3,12,https://ja.wikipedia.org/wiki/伊予鉄道郡中線,ok,
伊予鉄道␟高浜線,伊予鉄道,高浜線,private,ordinary_linear,48,yes,jp-伊予鉄道-高浜線,1,9.297,10,9.369,8.638,10,10,9,10,0,0,PASS,,,0,,9.4,10,https://ja.wikipedia.org/wiki/伊予鉄道高浜線,ok,
伊勢鉄道␟伊勢線,伊勢鉄道,伊勢線,third_sector,ordinary_linear,56,yes,jp-伊勢鉄道-伊勢線,1,22.399,10,22.574,21.372,10,10,9,10,0,0,PASS,,,0,,22.3,10,https://ja.wikipedia.org/wiki/伊勢鉄道伊勢線,ok,
伊豆急行␟伊豆急行線,伊豆急行,伊豆急行線,private,ordinary_linear,50,yes,jp-伊豆急行-伊豆急行線,1,45.668,16,45.838,43.284,16,16,15,16,0,0,PASS,,,0,,45.7,16,https://ja.wikipedia.org/wiki/伊豆急行線,ok,
伊豆箱根鉄道␟大雄山線,伊豆箱根鉄道,大雄山線,private,ordinary_linear,49,yes,jp-伊豆箱根鉄道-大雄山線,1,9.581,12,9.657,8.742,12,12,11,12,0,0,PASS,,,0,,9.6,12,https://ja.wikipedia.org/wiki/伊豆箱根鉄道大雄山線,ok,
伊豆箱根鉄道␟駿豆線,伊豆箱根鉄道,駿豆線,private,ordinary_linear,49,yes,jp-伊豆箱根鉄道-駿豆線,1,19.767,13,19.889,18.047,13,13,12,13,0,0,PASS,,,0,,19.8,13,https://ja.wikipedia.org/wiki/伊豆箱根鉄道駿豆線,ok,
伊賀鉄道␟伊賀線,伊賀鉄道,伊賀線,third_sector,ordinary_linear,56,yes,jp-伊賀鉄道-伊賀線,1,16.532,15,16.64,15.469,15,15,14,15,0,0,PASS,,,0,,16.6,15,https://ja.wikipedia.org/wiki/伊賀鉄道伊賀線,ok,
会津鉄道␟会津線,会津鉄道,会津線,third_sector,ordinary_linear,55,yes,jp-会津鉄道-会津線,1,57.317,21,57.474,55.72,21,21,20,21,0,0,PASS,,,0,,57.4,21,https://ja.wikipedia.org/wiki/会津鉄道会津線,ok,
信楽高原鐵道␟信楽線,信楽高原鐵道,信楽線,third_sector,ordinary_linear,56,yes,jp-信楽高原鐵道-信楽線,1,14.688,6,14.897,14.155,6,6,5,6,0,0,PASS,,,0,,14.7,6,https://ja.wikipedia.org/wiki/信楽高原鐵道信楽線,ok,
函館市␟大森線,函館市,大森線,tram,ordinary_linear,60,yes,jp-函館市-大森線,1,0.525,2,0.574,0.474,2,2,1,2,0,0,PASS,,,0,,0.5,2,https://ja.wikipedia.org/wiki/函館市電,ok,per-line stops derived from the system list (26 unique across 4 lines)
函館市␟宝来・谷地頭線,函館市,宝来・谷地頭線,tram,ordinary_linear,60,yes,jp-函館市-宝来・谷地頭線,1,1.389,4,1.439,1.239,4,4,3,4,0,0,PASS,,,0,,1.4,4,https://ja.wikipedia.org/wiki/函館市電,ok,十字街-谷地頭
函館市␟本線,函館市,本線,tram,ordinary_linear,60,yes,jp-函館市-本線,1,2.774,7,2.821,2.47,7,7,6,7,0,0,PASS,,,0,,2.9,7,https://ja.wikipedia.org/wiki/函館市電,ok,函館駅前-函館どつく前
函館市␟湯の川線,函館市,湯の川線,tram,ordinary_linear,60,yes,jp-函館市-湯の川線,1,6.049,16,6.096,5.341,16,16,15,16,0,0,PASS,,,0,,6.1,16,https://ja.wikipedia.org/wiki/函館市電,ok,松風町-湯の川
北九州高速鉄道␟小倉線,北九州高速鉄道,小倉線,monorail,ordinary_linear,64,yes,jp-北九州高速鉄道-小倉線,1,8.848,13,8.918,7.881,13,13,12,13,0,0,PASS,,,0,,8.8,13,https://ja.wikipedia.org/wiki/北九州高速鉄道小倉線,ok,
北大阪急行電鉄␟南北線,北大阪急行電鉄,南北線,third_sector,ordinary_linear,57,yes,jp-北大阪急行電鉄-南北線,1,8.383,6,8.589,7.482,6,6,5,6,0,0,PASS,,,0,,8.4,6,https://ja.wikipedia.org/wiki/北大阪急行電鉄南北線,ok,post-2024 箕面萱野 extension
北条鉄道␟北条線,北条鉄道,北条線,third_sector,ordinary_linear,57,yes,jp-北条鉄道-北条線,1,13.671,8,13.724,13.13,8,8,7,8,0,0,PASS,,,0,,13.6,8,https://ja.wikipedia.org/wiki/北条鉄道北条線,ok,
北海道旅客鉄道␟函館線,北海道旅客鉄道,函館線,jr_conventional,branch_rejoins,17,yes,jp-北海道旅客鉄道-函館線|jp-北海道旅客鉄道-函館線-2|jp-北海道旅客鉄道-函館線-3|jp-北海道旅客鉄道-函館線-4|jp-北海道旅客鉄道-函館線-5|jp-北海道旅客鉄道-函館線-6,6,496.06,90,478.132,455.958,82,84,88,90,0,0,WARNING,uncovered_corridor,"近文–深川 skips 納内 over the same track — service edge, not a second alignment; 砂川–奈井江 skips 豊沼 over the same track — service edge, not a second alignment; 奈井江–美唄 skips 茶志内 over the same track — service edge, not a second alignment; trunk plus 4 branch(es) split from the graph (4 rejoining route(s)) | 2 unconnected track group(s) under one station order — drawn as separate lines | 1 interval(s) differ from the audited distance: [('大沼', '新函館北斗', 9.221, 16.263)]",3,,458.4,90,https://ja.wikipedia.org/wiki/函館本線,mismatch_km,drawn +37.7 km over 423.1+35.3; still +28.8 even allowing the 8.9 km 藤城貨物支線
北海道旅客鉄道␟北海道新幹線,北海道旅客鉄道,北海道新幹線,shinkansen,ordinary_linear,16,yes,jp-北海道旅客鉄道-北海道新幹線,1,148.786,4,149.066,147.991,4,4,3,4,0,0,PASS,,,0,,148.8,4,https://ja.wikipedia.org/wiki/北海道新幹線,ok,
北海道旅客鉄道␟千歳線,北海道旅客鉄道,千歳線,jr_conventional,branched_terminal,17,yes,jp-北海道旅客鉄道-千歳線|jp-北海道旅客鉄道-千歳線-2,2,59.217,16,63.181,59.135,15,15,16,16,0,0,PASS,,"白石–新札幌 skips 平和 over the same track — service edge, not a second alignment; 1 audited branch part(s) drawn as sibling display line(s)",1,,59.2,16,https://ja.wikipedia.org/wiki/千歳線,ok,56.6 main + 2.6 空港支線; 14 旅客 + 1 一般 + 1 貨物
北海道旅客鉄道␟宗谷線,北海道旅客鉄道,宗谷線,jr_conventional,branch_rejoins,17,yes,jp-北海道旅客鉄道-宗谷線,1,258.894,35,259.664,255.494,35,35,35,35,0,0,PASS,,"多寄–剣淵 skips 士別 over the same track — service edge, not a second alignment",1,,259.4,35,https://ja.wikipedia.org/wiki/宗谷本線,ok,official 2 一般 + 33 旅客; freight-only 貨物駅 excluded
北海道旅客鉄道␟室蘭線,北海道旅客鉄道,室蘭線,jr_conventional,branched_terminal,17,yes,jp-北海道旅客鉄道-室蘭線|jp-北海道旅客鉄道-室蘭線-2,2,215.214,48,226.885,207.118,47,47,47,48,0,0,PASS,,1 audited branch part(s) drawn as sibling display line(s),0,,218.0,47,https://ja.wikipedia.org/wiki/室蘭本線,ok,211.0 長万部-岩見沢 + 7.0 東室蘭-室蘭; 47 旅客駅 (+2 貨物駅)
北海道旅客鉄道␟富良野線,北海道旅客鉄道,富良野線,jr_conventional,ordinary_linear,17,yes,jp-北海道旅客鉄道-富良野線,1,54.646,17,54.866,53.028,17,17,16,17,0,0,PASS,,,0,,54.8,18,https://ja.wikipedia.org/wiki/富良野線,mismatch_stations,drawn 17 vs 18; the missing one is the seasonal 臨時駅 ラベンダー畑
北海道旅客鉄道␟日高線,北海道旅客鉄道,日高線,jr_conventional,ordinary_linear,17,yes,jp-北海道旅客鉄道-日高線,1,30.528,4,30.695,30.183,4,4,3,4,0,0,PASS,,,0,,30.5,4,https://ja.wikipedia.org/wiki/日高本線,ok,post-2021 苫小牧-鵡川 remnant only
北海道旅客鉄道␟札沼線,北海道旅客鉄道,札沼線,jr_conventional,ordinary_linear,17,yes,jp-北海道旅客鉄道-札沼線,1,28.896,14,29.028,27.209,14,14,13,14,0,0,PASS,,,0,,28.9,14,https://ja.wikipedia.org/wiki/札沼線,ok,post-2020 桑園-北海道医療大学
北海道旅客鉄道␟根室線,北海道旅客鉄道,根室線,jr_conventional,disconnected,17,yes,jp-北海道旅客鉄道-根室線|jp-北海道旅客鉄道-根室線-2,2,361.141,49,361.697,353.444,49,49,47,49,0,0,PASS,,2 disconnected piece(s) drawn as separate display lines,0,,362.1,49,https://ja.wikipedia.org/wiki/根室本線,ok,post-2024 富良野-新得 closure; 4 一般 + 45 旅客
北海道旅客鉄道␟海峡線,北海道旅客鉄道,海峡線,jr_conventional,disconnected,17,no,,0,,,88.875,87.29,2,2,0,0,0,0,,,,0,no adjacency rows for this line,87.8,3,https://ja.wikipedia.org/wiki/海峡線,mismatch_both,"line is absent from the package (0 parts, no geometry drawn)"
北海道旅客鉄道␟石勝線,北海道旅客鉄道,石勝線,jr_conventional,ordinary_linear,17,yes,jp-北海道旅客鉄道-石勝線,1,132.22,7,132.451,131.065,7,7,6,7,0,0,PASS,,,0,,132.4,7,https://ja.wikipedia.org/wiki/石勝線,ok,
北海道旅客鉄道␟石北線,北海道旅客鉄道,石北線,jr_conventional,disconnected,17,yes,jp-北海道旅客鉄道-石北線|jp-北海道旅客鉄道-石北線-2|jp-北海道旅客鉄道-石北線-3,3,232.942,33,234.799,230.238,31,31,31,32,1,0,WARNING,uncovered_corridor,"白滝–安足間 skips 上川 over the same track — service edge, not a second alignment; trunk plus 1 branch(es) split from the graph (1 rejoining route(s)); 2 disconnected piece(s) drawn as separate display lines",1,,234.0,32,https://ja.wikipedia.org/wiki/石北本線,ok,2 一般 + 30 旅客; +1 drawn is within the 3-part junction allowance
北海道旅客鉄道␟釧網線,北海道旅客鉄道,釧網線,jr_conventional,ordinary_linear,17,yes,jp-北海道旅客鉄道-釧網線,1,166.083,24,166.255,163.896,24,24,23,24,0,0,PASS,,,0,,166.2,24,https://ja.wikipedia.org/wiki/釧網本線,ok,
北総鉄道␟北総線,北総鉄道,北総線,third_sector,ordinary_linear,55,yes,jp-北総鉄道-北総線,1,32.171,15,32.899,29.974,15,15,14,15,0,0,PASS,,,0,,32.3,15,https://ja.wikipedia.org/wiki/北総線,ok,京成高砂-印旛日本医大
北越急行␟ほくほく線,北越急行,ほくほく線,third_sector,ordinary_linear,55,yes,jp-北越急行-ほくほく線,1,59.387,12,59.5,58.38,12,12,11,12,0,0,PASS,,,0,,59.5,12,https://ja.wikipedia.org/wiki/ほくほく線,ok,
北陸鉄道␟浅野川線,北陸鉄道,浅野川線,private,ordinary_linear,50,yes,jp-北陸鉄道-浅野川線,1,6.777,12,6.858,5.957,12,12,11,12,0,0,PASS,,,0,,6.8,12,https://ja.wikipedia.org/wiki/北陸鉄道浅野川線,ok,
北陸鉄道␟石川線,北陸鉄道,石川線,private,ordinary_linear,50,yes,jp-北陸鉄道-石川線,1,13.728,17,13.8,12.637,17,17,16,17,0,0,PASS,,,0,,13.8,17,https://ja.wikipedia.org/wiki/北陸鉄道石川線,ok,
十国峠␟十国鋼索線,十国峠,十国鋼索線,funicular,ordinary_linear,65,yes,jp-十国峠-十国鋼索線,1,0.31,2,0.352,0.266,2,2,1,2,0,0,PASS,,,0,,0.3,2,https://ja.wikipedia.org/wiki/十国峠,ok,
千葉都市モノレール␟1号線,千葉都市モノレール,1号線,monorail,ordinary_linear,63,yes,jp-千葉都市モノレール-1号線,1,3.082,6,3.186,2.605,6,6,5,6,0,0,PASS,,,0,,3.2,6,https://ja.wikipedia.org/wiki/千葉都市モノレール1号線,ok,
千葉都市モノレール␟2号線,千葉都市モノレール,2号線,monorail,ordinary_linear,63,yes,jp-千葉都市モノレール-2号線,1,11.98,13,12.084,11.044,13,13,12,13,0,0,PASS,,,0,,12.0,13,https://ja.wikipedia.org/wiki/千葉都市モノレール2号線,ok,
南海電気鉄道␟加太線,南海電気鉄道,加太線,private,ordinary_linear,45,yes,jp-南海電気鉄道-加太線,1,9.554,8,9.633,8.994,8,8,7,8,0,0,PASS,,,0,,9.6,8,https://ja.wikipedia.org/wiki/南海加太線,ok,
南海電気鉄道␟南海本線,南海電気鉄道,南海本線,private,branch_rejoins,45,yes,jp-南海電気鉄道-南海本線,1,64.923,43,64.809,57.945,43,44,42,42,1,0,PASS,,"1 interval(s) differ from the audited distance: [('岸里玉出', '粉浜', 1.838, 0.938)]",0,,64.2,43,https://ja.wikipedia.org/wiki/南海本線,ok,43 includes 今宮戎・萩ノ茶屋
南海電気鉄道␟和歌山港線,南海電気鉄道,和歌山港線,private,ordinary_linear,45,yes,jp-南海電気鉄道-和歌山港線,1,2.817,2,2.886,2.746,2,2,1,2,0,0,PASS,,,0,,2.8,2,https://ja.wikipedia.org/wiki/南海和歌山港線,ok,
南海電気鉄道␟多奈川線,南海電気鉄道,多奈川線,private,ordinary_linear,45,yes,jp-南海電気鉄道-多奈川線,1,2.445,4,2.595,2.108,4,4,3,4,0,0,PASS,,,0,,2.6,4,https://ja.wikipedia.org/wiki/南海多奈川線,ok,
南海電気鉄道␟泉北線,南海電気鉄道,泉北線,third_sector,ordinary_linear,57,yes,jp-南海電気鉄道-泉北線,1,14.267,6,14.541,13.252,6,6,5,6,0,0,PASS,,,0,,14.3,6,https://ja.wikipedia.org/wiki/南海泉北線,ok,2025-04 Nankai merger name matches
南海電気鉄道␟空港線,南海電気鉄道,空港線,private,ordinary_linear,45,yes,jp-南海電気鉄道-空港線,1,8.805,3,9.179,8.281,3,3,2,3,0,0,PASS,,,0,,8.8,3,https://ja.wikipedia.org/wiki/南海空港線,ok,
南海電気鉄道␟鋼索線,南海電気鉄道,鋼索線,funicular,ordinary_linear,65,yes,jp-南海電気鉄道-鋼索線,1,0.785,2,0.837,0.733,2,2,1,2,0,0,PASS,,,0,,0.8,2,https://ja.wikipedia.org/wiki/南海鋼索線,ok,Koyasan cable car
南海電気鉄道␟高師浜線,南海電気鉄道,高師浜線,private,ordinary_linear,45,yes,jp-南海電気鉄道-高師浜線,1,1.368,3,1.502,1.162,3,3,2,3,0,0,PASS,,,0,,1.4,3,https://ja.wikipedia.org/wiki/南海高師浜線,ok,
南海電気鉄道␟高野線,南海電気鉄道,高野線,private,branched_terminal,45,yes,jp-南海電気鉄道-高野線|jp-南海電気鉄道-高野線-2,2,63.539,42,66.771,60.905,42,43,41,42,0,0,PASS,,2 unconnected track group(s) under one station order — drawn as separate lines,0,,64.5,42,https://ja.wikipedia.org/wiki/南海高野線,ok,includes Shiomibashi branch; km diff 0.96 within 1.0 tolerance
南阿蘇鉄道␟高森線,南阿蘇鉄道,高森線,third_sector,ordinary_linear,56,yes,jp-南阿蘇鉄道-高森線,1,17.776,10,17.882,17.016,10,10,9,10,0,0,PASS,,,0,,17.7,10,https://ja.wikipedia.org/wiki/南阿蘇鉄道高森線,ok,
叡山電鉄␟叡山本線,叡山電鉄,叡山本線,private,ordinary_linear,50,yes,jp-叡山電鉄-叡山本線,1,5.493,8,5.562,4.987,8,8,7,8,0,0,PASS,,,0,,5.6,8,https://ja.wikipedia.org/wiki/叡山電鉄叡山本線,ok,
叡山電鉄␟鞍馬線,叡山電鉄,鞍馬線,private,ordinary_linear,50,yes,jp-叡山電鉄-鞍馬線,1,8.758,10,8.973,8.238,10,10,9,10,0,0,PASS,,,0,,8.8,10,https://ja.wikipedia.org/wiki/叡山電鉄鞍馬線,ok,
名古屋ガイドウェイバス␟ガイドウェイバス志段味線,名古屋ガイドウェイバス,ガイドウェイバス志段味線,agt,ordinary_linear,64,yes,jp-名古屋ガイドウェイバス-ガイドウェイバス志段味線,1,6.514,9,6.587,5.904,9,9,8,9,0,0,PASS,,,0,,6.5,9,https://ja.wikipedia.org/wiki/ガイドウェイバス志段味線,ok,guideway (senyo kido) section only
名古屋市␟1号線東山線,名古屋市,1号線東山線,subway,ordinary_linear,32,yes,jp-名古屋市-1号線東山線,1,20.697,22,20.862,18.703,22,22,21,22,0,0,PASS,,,0,,20.6,22,https://ja.wikipedia.org/wiki/名古屋市営地下鉄東山線,ok,
名古屋市␟2号線名城線,名古屋市,2号線名城線,subway,ordinary_linear,32,yes,jp-名古屋市-2号線名城線,1,8.95,12,9.028,7.987,12,12,11,12,0,0,PASS,,,0,,8.9,12,https://ja.wikipedia.org/wiki/名古屋市営地下鉄名城線,ok,"Meijo loop 2-gosen section Kanayama-Sakae-Ozone, M01-M12"
名古屋市␟2号線名港線,名古屋市,2号線名港線,subway,ordinary_linear,32,yes,jp-名古屋市-2号線名港線,1,6.036,7,6.118,5.585,7,7,6,7,0,0,PASS,,,0,,6.0,7,https://ja.wikipedia.org/wiki/名古屋市営地下鉄名港線,ok,
名古屋市␟3号線鶴舞線,名古屋市,3号線鶴舞線,subway,ordinary_linear,32,yes,jp-名古屋市-3号線鶴舞線,1,20.412,20,20.472,18.686,20,20,19,20,0,0,PASS,,,0,,20.4,20,https://ja.wikipedia.org/wiki/名古屋市営地下鉄鶴舞線,ok,
名古屋市␟4号線名城線,名古屋市,4号線名城線,subway,ordinary_linear,32,yes,jp-名古屋市-4号線名城線,1,17.393,18,17.477,15.169,18,18,17,18,0,0,PASS,,,0,,17.5,18,https://ja.wikipedia.org/wiki/名古屋市営地下鉄名城線,ok,"Meijo loop 4-gosen section Ozone-Nagoya Univ-Kanayama, M12-M28+M01"
名古屋市␟6号線桜通線,名古屋市,6号線桜通線,subway,ordinary_linear,32,yes,jp-名古屋市-6号線桜通線,1,19.102,21,19.22,16.801,21,21,20,21,0,0,PASS,,,0,,19.1,21,https://ja.wikipedia.org/wiki/名古屋市営地下鉄桜通線,ok,
名古屋市␟上飯田線,名古屋市,上飯田線,subway,ordinary_linear,32,yes,jp-名古屋市-上飯田線,1,0.821,2,1.033,0.609,2,2,1,2,0,0,PASS,,,0,,0.8,2,https://ja.wikipedia.org/wiki/名古屋市営地下鉄上飯田線,ok,eigyo-kilo 0.8 (jitsu-kilo 0.712)
名古屋臨海高速鉄道␟西名古屋港線,名古屋臨海高速鉄道,西名古屋港線,third_sector,ordinary_linear,56,yes,jp-名古屋臨海高速鉄道-西名古屋港線,1,15.19,11,15.271,14.053,11,11,10,11,0,0,PASS,,,0,,15.2,11,https://ja.wikipedia.org/wiki/西名古屋港線,ok,Aonami Line
名古屋鉄道␟三河線,名古屋鉄道,三河線,private,branched_terminal,42,yes,jp-名古屋鉄道-三河線|jp-名古屋鉄道-三河線-2,2,43.069,25,39.587,37.461,23,23,23,25,0,0,PASS,,trunk plus 1 branch(es) split from the graph (1 rejoining route(s)),0,,39.8,23,https://ja.wikipedia.org/wiki/名鉄三河線,mismatch_km,drawn 43.07 vs 39.8: part2 redraws Mikawa-Chiryu-Chiryu-Shigehara over a trunk skip edge; unique stations 23 = official
名古屋鉄道␟各務原線,名古屋鉄道,各務原線,private,ordinary_linear,43,yes,jp-名古屋鉄道-各務原線,1,17.55,18,17.646,16.044,18,18,17,18,0,0,PASS,,,0,,17.6,18,https://ja.wikipedia.org/wiki/名鉄各務原線,ok,
名古屋鉄道␟名古屋本線,名古屋鉄道,名古屋本線,private,branch_rejoins,42,yes,jp-名古屋鉄道-名古屋本線,1,99.925,60,101.459,94.322,60,60,59,60,0,0,PASS,,,0,,99.8,60,https://ja.wikipedia.org/wiki/名鉄名古屋本線,ok,
名古屋鉄道␟小牧線,名古屋鉄道,小牧線,private,ordinary_linear,42,yes,jp-名古屋鉄道-小牧線,1,20.562,14,20.725,19.366,14,14,13,14,0,0,PASS,,,0,,20.6,14,https://ja.wikipedia.org/wiki/名鉄小牧線,ok,
名古屋鉄道␟尾西線,名古屋鉄道,尾西線,private,ordinary_linear,42,yes,jp-名古屋鉄道-尾西線,1,30.963,22,31.11,28.999,22,22,21,22,0,0,PASS,,,0,,30.9,22,https://ja.wikipedia.org/wiki/名鉄尾西線,ok,
名古屋鉄道␟常滑線,名古屋鉄道,常滑線,private,ordinary_linear,42,yes,jp-名古屋鉄道-常滑線,1,29.198,23,29.343,27.287,23,23,22,23,0,0,PASS,,,0,,29.3,23,https://ja.wikipedia.org/wiki/名鉄常滑線,ok,
名古屋鉄道␟広見線,名古屋鉄道,広見線,private,branched_terminal,42,yes,jp-名古屋鉄道-広見線|jp-名古屋鉄道-広見線-2,2,27.869,13,22.1,21.134,11,11,11,13,0,0,PASS,,trunk plus 1 branch(es) split from the graph (1 rejoining route(s)),0,,22.3,11,https://ja.wikipedia.org/wiki/名鉄広見線,mismatch_km,drawn 27.87 vs 22.3: part2 redraws Akechi-Shin-Kani-Imawatari over a trunk skip edge; unique stations 11 = official
名古屋鉄道␟河和線,名古屋鉄道,河和線,private,ordinary_linear,42,yes,jp-名古屋鉄道-河和線,1,28.736,20,28.84,26.683,20,20,19,20,0,0,PASS,,,0,,28.8,20,https://ja.wikipedia.org/wiki/名鉄河和線,ok,
名古屋鉄道␟津島線,名古屋鉄道,津島線,private,ordinary_linear,43,yes,jp-名古屋鉄道-津島線,1,11.751,8,11.888,10.795,8,8,7,8,0,0,PASS,,,0,,11.8,8,https://ja.wikipedia.org/wiki/名鉄津島線,ok,
名古屋鉄道␟瀬戸線,名古屋鉄道,瀬戸線,private,ordinary_linear,42,yes,jp-名古屋鉄道-瀬戸線,1,20.562,20,20.655,19.06,20,20,19,20,0,0,PASS,,,0,,20.6,20,https://ja.wikipedia.org/wiki/名鉄瀬戸線,ok,
名古屋鉄道␟犬山線,名古屋鉄道,犬山線,private,branched_terminal,42,yes,jp-名古屋鉄道-犬山線,1,25.865,17,27.555,25.63,17,17,16,17,0,0,PASS,,,0,,26.8,17,https://ja.wikipedia.org/wiki/名鉄犬山線,ok,km diff 0.94 within 1.0 tolerance; Biwajima junction not a station
名古屋鉄道␟知多新線,名古屋鉄道,知多新線,private,ordinary_linear,43,yes,jp-名古屋鉄道-知多新線,1,13.896,6,14.042,13.389,6,6,5,6,0,0,PASS,,,0,,13.9,6,https://ja.wikipedia.org/wiki/名鉄知多新線,ok,
名古屋鉄道␟空港線,名古屋鉄道,空港線,private,ordinary_linear,43,yes,jp-名古屋鉄道-空港線,1,4.391,3,4.598,4.001,3,3,2,3,0,0,PASS,,,0,,4.2,3,https://ja.wikipedia.org/wiki/名鉄空港線,ok,
名古屋鉄道␟竹鼻線,名古屋鉄道,竹鼻線,private,ordinary_linear,43,yes,jp-名古屋鉄道-竹鼻線,1,10.28,9,10.352,9.679,9,9,8,9,0,0,PASS,,,0,,10.3,9,https://ja.wikipedia.org/wiki/名鉄竹鼻線,ok,current Kasamatsu-Egira section
名古屋鉄道␟築港線,名古屋鉄道,築港線,private,ordinary_linear,43,yes,jp-名古屋鉄道-築港線,1,1.434,2,1.534,1.335,2,2,1,2,0,0,PASS,,,0,,1.5,2,https://ja.wikipedia.org/wiki/名鉄築港線,ok,
名古屋鉄道␟羽島線,名古屋鉄道,羽島線,private,ordinary_linear,43,yes,jp-名古屋鉄道-羽島線,1,1.354,2,1.424,1.282,2,2,1,2,0,0,PASS,,,0,,1.3,2,https://ja.wikipedia.org/wiki/名鉄羽島線,ok,
名古屋鉄道␟蒲郡線,名古屋鉄道,蒲郡線,private,ordinary_linear,43,yes,jp-名古屋鉄道-蒲郡線,1,17.544,10,17.62,16.85,10,10,9,10,0,0,PASS,,,0,,17.6,10,https://ja.wikipedia.org/wiki/名鉄蒲郡線,ok,
名古屋鉄道␟西尾線,名古屋鉄道,西尾線,private,ordinary_linear,42,yes,jp-名古屋鉄道-西尾線,1,24.626,14,24.735,23.466,14,14,13,14,0,0,PASS,,,0,,24.7,14,https://ja.wikipedia.org/wiki/名鉄西尾線,ok,
名古屋鉄道␟豊川線,名古屋鉄道,豊川線,tram,ordinary_linear,62,yes,jp-名古屋鉄道-豊川線,1,7.04,5,7.128,6.678,5,5,4,5,0,0,PASS,,,0,,7.2,5,https://ja.wikipedia.org/wiki/名鉄豊川線,ok,kind=tram in our data but figures match
名古屋鉄道␟豊田線,名古屋鉄道,豊田線,private,ordinary_linear,43,yes,jp-名古屋鉄道-豊田線,1,15.2,8,15.304,14.662,8,8,7,8,0,0,PASS,,,0,,15.2,8,https://ja.wikipedia.org/wiki/名鉄豊田線,ok,
和歌山電鐵␟貴志川線,和歌山電鐵,貴志川線,private,ordinary_linear,51,yes,jp-和歌山電鐵-貴志川線,1,14.317,14,14.397,13.361,14,14,13,14,0,0,PASS,,,0,,14.3,14,https://ja.wikipedia.org/wiki/和歌山電鐵貴志川線,ok,
四国ケーブル␟八栗ケーブル,四国ケーブル,八栗ケーブル,funicular,ordinary_linear,65,yes,jp-四国ケーブル-八栗ケーブル,1,0.601,2,0.676,0.526,2,2,1,2,0,0,PASS,,,0,,0.7,2,https://ja.wikipedia.org/wiki/八栗ケーブル,ok,
四国旅客鉄道␟予土線,四国旅客鉄道,予土線,jr_conventional,ordinary_linear,30,yes,jp-四国旅客鉄道-予土線,1,76.077,20,76.16,74.626,20,20,19,20,0,0,PASS,,,0,,76.3,20,https://ja.wikipedia.org/wiki/予土線,ok,
四国旅客鉄道␟予讃線,四国旅客鉄道,予讃線,jr_conventional,branch_rejoins,30,yes,jp-四国旅客鉄道-予讃線|jp-四国旅客鉄道-予讃線-2|jp-四国旅客鉄道-予讃線-3|jp-四国旅客鉄道-予讃線-4,4,338.898,100,325.414,313.584,95,95,96,100,0,0,PASS,,trunk plus 3 branch(es) split from the graph (2 rejoining route(s)),0,,327.0,95,https://ja.wikipedia.org/wiki/予讃線,mismatch_km,drawn 338.90 vs 327.0 (297.6+23.5+5.9): phantom connectors Konogawa-Iyo-Ohira and Goro-Shintani double-drawn; unique stations 95 = official
四国旅客鉄道␟内子線,四国旅客鉄道,内子線,jr_conventional,ordinary_linear,30,yes,jp-四国旅客鉄道-内子線,1,5.38,4,5.505,5.089,4,4,3,4,0,0,PASS,,,0,,5.3,4,https://ja.wikipedia.org/wiki/内子線,ok,
四国旅客鉄道␟土讃線,四国旅客鉄道,土讃線,jr_conventional,branched_terminal,30,yes,jp-四国旅客鉄道-土讃線,1,198.451,61,198.486,192.449,61,61,61,61,0,0,PASS,,"繁藤–土佐山田 skips 新改 over the same track — service edge, not a second alignment",1,,198.7,61,https://ja.wikipedia.org/wiki/土讃線,ok,
四国旅客鉄道␟徳島線,四国旅客鉄道,徳島線,jr_conventional,ordinary_linear,30,yes,jp-四国旅客鉄道-徳島線,1,67.348,24,67.484,64.278,24,24,23,24,0,0,PASS,,,0,,67.5,24,https://ja.wikipedia.org/wiki/徳島線,ok,
四国旅客鉄道␟本四備讃線,四国旅客鉄道,本四備讃線,jr_conventional,branched_terminal,30,yes,jp-四国旅客鉄道-本四備讃線,1,18.157,2,19.174,18.75,2,2,1,2,0,0,PASS,,,0,,18.1,2,https://ja.wikipedia.org/wiki/本四備讃線,ok,JR Shikoku section Kojima-Utazu only (whole line 31.0 km)
四国旅客鉄道␟牟岐線,四国旅客鉄道,牟岐線,jr_conventional,ordinary_linear,30,yes,jp-四国旅客鉄道-牟岐線,1,77.892,29,78.054,75.151,29,29,28,29,0,0,PASS,,,0,,77.8,29,https://ja.wikipedia.org/wiki/牟岐線,ok,Tokushima-Awa-Kainan since 2020 DMV transfer
四国旅客鉄道␟高徳線,四国旅客鉄道,高徳線,jr_conventional,ordinary_linear,30,yes,jp-四国旅客鉄道-高徳線,1,74.505,29,74.717,71.379,29,29,28,29,0,0,PASS,,,0,,74.5,29,https://ja.wikipedia.org/wiki/高徳線,ok,
四国旅客鉄道␟鳴門線,四国旅客鉄道,鳴門線,jr_conventional,ordinary_linear,30,yes,jp-四国旅客鉄道-鳴門線,1,8.375,7,8.525,8.008,7,7,6,7,0,0,PASS,,,0,,8.5,7,https://ja.wikipedia.org/wiki/鳴門線,ok,
四日市あすなろう鉄道␟八王子線,四日市あすなろう鉄道,八王子線,third_sector,ordinary_linear,54,yes,jp-四日市あすなろう鉄道-八王子線,1,1.286,2,1.356,1.216,2,2,1,2,0,0,PASS,,,0,,1.3,2,https://ja.wikipedia.org/wiki/四日市あすなろう鉄道八王子線,ok,
四日市あすなろう鉄道␟内部線,四日市あすなろう鉄道,内部線,third_sector,ordinary_linear,54,yes,jp-四日市あすなろう鉄道-内部線,1,5.793,8,5.941,5.225,8,8,7,8,0,0,PASS,,,0,,5.7,8,https://ja.wikipedia.org/wiki/内部線,ok,
土佐くろしお鉄道␟中村線,土佐くろしお鉄道,中村線,third_sector,ordinary_linear,53,yes,jp-土佐くろしお鉄道-中村線,1,43.041,15,43.198,41.778,15,15,14,15,0,0,PASS,,,0,,43.0,15,https://ja.wikipedia.org/wiki/土佐くろしお鉄道中村線,ok,
土佐くろしお鉄道␟宿毛線,土佐くろしお鉄道,宿毛線,third_sector,ordinary_linear,53,yes,jp-土佐くろしお鉄道-宿毛線,1,23.571,8,23.707,22.993,8,8,7,8,0,0,PASS,,,0,,23.6,8,https://ja.wikipedia.org/wiki/土佐くろしお鉄道宿毛線,ok,
土佐くろしお鉄道␟阿佐線,土佐くろしお鉄道,阿佐線,third_sector,ordinary_linear,53,yes,jp-土佐くろしお鉄道-阿佐線,1,42.591,21,42.696,40.664,21,21,20,21,0,0,PASS,,,0,,42.7,21,https://ja.wikipedia.org/wiki/ごめん・なはり線,ok,後免-奈半利 only (JR/阿佐海岸分は別線)
埼玉新都市交通␟伊奈線,埼玉新都市交通,伊奈線,agt,ordinary_linear,63,yes,jp-埼玉新都市交通-伊奈線,1,12.758,13,12.807,11.89,13,13,12,13,0,0,PASS,,,0,,12.7,13,https://ja.wikipedia.org/wiki/埼玉新都市交通伊奈線,ok,
埼玉高速鉄道␟埼玉高速鉄道線,埼玉高速鉄道,埼玉高速鉄道線,third_sector,ordinary_linear,56,yes,jp-埼玉高速鉄道-埼玉高速鉄道線,1,14.644,8,14.853,13.356,8,8,7,8,0,0,PASS,,,0,,14.6,8,https://ja.wikipedia.org/wiki/埼玉高速鉄道線,ok,
多摩都市モノレール␟多摩都市モノレール線,多摩都市モノレール,多摩都市モノレール線,monorail,ordinary_linear,63,yes,jp-多摩都市モノレール-多摩都市モノレール線,1,16.039,19,16.104,14.764,19,19,18,19,0,0,PASS,,,0,,16.0,19,https://ja.wikipedia.org/wiki/多摩都市モノレール線,ok,
大井川鐵道␟井川線,大井川鐵道,井川線,private,ordinary_linear,49,yes,jp-大井川鐵道-井川線,1,25.485,14,25.574,24.572,14,14,13,14,0,0,PASS,,,0,,25.5,14,https://ja.wikipedia.org/wiki/大井川鉄道井川線,ok,
大井川鐵道␟大井川本線,大井川鐵道,大井川本線,private,ordinary_linear,49,yes,jp-大井川鐵道-大井川本線,1,39.469,20,39.584,37.822,20,20,19,20,0,0,PASS,,,0,,39.5,20,https://ja.wikipedia.org/wiki/大井川本線,ok,
大山観光電鉄␟大山鋼索線,大山観光電鉄,大山鋼索線,funicular,ordinary_linear,65,yes,jp-大山観光電鉄-大山鋼索線,1,0.763,3,0.809,0.671,3,3,2,3,0,0,PASS,,,0,,0.8,3,https://ja.wikipedia.org/wiki/大山観光電鉄大山鋼索線,ok,
大阪モノレール␟国際文化公園都市モノレール線(彩都線),大阪モノレール,国際文化公園都市モノレール線(彩都線),monorail,ordinary_linear,63,yes,jp-大阪モノレール-国際文化公園都市モノレール線(彩都線),1,6.832,5,6.917,6.471,5,5,4,5,0,0,PASS,,,0,,6.8,5,https://ja.wikipedia.org/wiki/大阪モノレール彩都線,ok,
大阪モノレール␟大阪モノレール線,大阪モノレール,大阪モノレール線,monorail,ordinary_linear,63,yes,jp-大阪モノレール-大阪モノレール線,1,21.166,14,21.267,19.864,14,14,13,14,0,0,PASS,,,0,,21.2,14,https://ja.wikipedia.org/wiki/大阪モノレール線,ok,
大阪市高速電気軌道␟1号線(御堂筋線),大阪市高速電気軌道,1号線(御堂筋線),subway,ordinary_linear,32,yes,jp-大阪市高速電気軌道-1号線(御堂筋線),1,24.604,20,24.808,20.291,20,20,19,20,0,0,PASS,,,0,,24.5,20,https://ja.wikipedia.org/wiki/大阪市高速電気軌道御堂筋線,ok,
大阪市高速電気軌道␟2号線(谷町線),大阪市高速電気軌道,2号線(谷町線),subway,ordinary_linear,32,yes,jp-大阪市高速電気軌道-2号線(谷町線),1,28.017,26,28.167,22.784,26,26,25,26,0,0,PASS,,,0,,28.1,26,https://ja.wikipedia.org/wiki/大阪市高速電気軌道谷町線,ok,
大阪市高速電気軌道␟3号線(四つ橋線),大阪市高速電気軌道,3号線(四つ橋線),subway,ordinary_linear,32,yes,jp-大阪市高速電気軌道-3号線(四つ橋線),1,11.319,11,11.497,9.596,11,11,10,11,0,0,PASS,,,0,,11.4,11,https://ja.wikipedia.org/wiki/大阪市高速電気軌道四つ橋線,ok,
大阪市高速電気軌道␟4号線(中央線),大阪市高速電気軌道,4号線(中央線),subway,ordinary_linear,32,yes,jp-大阪市高速電気軌道-4号線(中央線),1,21.018,15,21.155,18.705,15,15,14,15,0,0,PASS,,,0,,21.1,15,https://ja.wikipedia.org/wiki/大阪市高速電気軌道中央線,ok,includes 2025 夢洲 extension
大阪市高速電気軌道␟5号線(千日前線),大阪市高速電気軌道,5号線(千日前線),subway,ordinary_linear,32,yes,jp-大阪市高速電気軌道-5号線(千日前線),1,12.654,14,12.852,9.653,14,14,13,14,0,0,PASS,,,0,,12.6,14,https://ja.wikipedia.org/wiki/大阪市高速電気軌道千日前線,ok,
大阪市高速電気軌道␟6号線(堺筋線),大阪市高速電気軌道,6号線(堺筋線),subway,ordinary_linear,32,yes,jp-大阪市高速電気軌道-6号線(堺筋線),1,8.489,10,8.687,6.509,10,10,9,10,0,0,PASS,,,0,,8.5,10,https://ja.wikipedia.org/wiki/大阪市高速電気軌道堺筋線,ok,
大阪市高速電気軌道␟7号線(長堀鶴見緑地線),大阪市高速電気軌道,7号線(長堀鶴見緑地線),subway,ordinary_linear,32,yes,jp-大阪市高速電気軌道-7号線(長堀鶴見緑地線),1,14.887,17,15.016,12.703,17,17,16,17,0,0,PASS,,,0,,15.0,17,https://ja.wikipedia.org/wiki/大阪市高速電気軌道長堀鶴見緑地線,ok,
大阪市高速電気軌道␟8号線(今里筋線),大阪市高速電気軌道,8号線(今里筋線),subway,ordinary_linear,32,yes,jp-大阪市高速電気軌道-8号線(今里筋線),1,11.977,11,12.135,10.68,11,11,10,11,0,0,PASS,,,0,,11.9,11,https://ja.wikipedia.org/wiki/大阪市高速電気軌道今里筋線,ok,
大阪市高速電気軌道␟南港ポートタウン線,大阪市高速電気軌道,南港ポートタウン線,agt,ordinary_linear,64,yes,jp-大阪市高速電気軌道-南港ポートタウン線,1,7.97,10,8.058,7.264,10,10,9,10,0,0,PASS,,,0,,7.9,10,https://ja.wikipedia.org/wiki/大阪市高速電気軌道南港ポートタウン線,ok,
天竜浜名湖鉄道␟天竜浜名湖線,天竜浜名湖鉄道,天竜浜名湖線,third_sector,ordinary_linear,54,yes,jp-天竜浜名湖鉄道-天竜浜名湖線,1,67.815,39,68.122,64.644,39,39,38,39,0,0,PASS,,,0,,67.7,39,https://ja.wikipedia.org/wiki/天竜浜名湖線,ok,
宇都宮ライトレール␟宇都宮芳賀ライトレール線,宇都宮ライトレール,宇都宮芳賀ライトレール線,tram,ordinary_linear,61,yes,jp-宇都宮ライトレール-宇都宮芳賀ライトレール線,1,14.516,19,14.575,13.42,19,19,18,19,0,0,PASS,,,0,,14.5,19,https://ja.wikipedia.org/wiki/宇都宮芳賀ライトレール線,ok,営業キロ14.5 (実延長14.6)
富士山麓電気鉄道␟大月線,富士山麓電気鉄道,大月線,private,ordinary_linear,50,yes,jp-富士山麓電気鉄道-大月線,1,23.503,16,23.556,22.295,16,16,15,16,0,0,PASS,,,0,,23.6,16,https://ja.wikipedia.org/wiki/富士急行線,ok,
富士山麓電気鉄道␟河口湖線,富士山麓電気鉄道,河口湖線,private,ordinary_linear,50,yes,jp-富士山麓電気鉄道-河口湖線,1,2.955,3,3.039,2.797,3,3,2,3,0,0,PASS,,,0,,3.0,3,https://ja.wikipedia.org/wiki/富士急行線,ok,
富山地方鉄道␟上滝線,富山地方鉄道,上滝線,private,ordinary_linear,48,yes,jp-富山地方鉄道-上滝線,1,12.283,11,12.429,11.464,11,11,10,11,0,0,PASS,,,0,,12.4,11,https://ja.wikipedia.org/wiki/富山地方鉄道不二越・上滝線,ok,
富山地方鉄道␟不二越線,富山地方鉄道,不二越線,private,ordinary_linear,48,yes,jp-富山地方鉄道-不二越線,1,3.354,5,3.501,3.106,5,5,4,5,0,0,PASS,,,0,,3.3,5,https://ja.wikipedia.org/wiki/富山地方鉄道不二越・上滝線,ok,
富山地方鉄道␟呉羽線,富山地方鉄道,呉羽線,tram,ordinary_linear,59,yes,jp-富山地方鉄道-呉羽線,1,1.447,3,1.493,1.354,3,3,2,3,0,0,PASS,,,0,,1.4,3,https://ja.wikipedia.org/wiki/富山地方鉄道富山軌道線,ok,
富山地方鉄道␟安野屋線,富山地方鉄道,安野屋線,tram,ordinary_linear,59,yes,jp-富山地方鉄道-安野屋線,1,0.443,3,0.492,0.352,3,3,2,3,0,0,PASS,,,0,,0.4,3,https://ja.wikipedia.org/wiki/富山地方鉄道富山軌道線,ok,
富山地方鉄道␟富山港線,富山地方鉄道,富山港線,private,ordinary_linear,48,yes,jp-富山地方鉄道-富山港線,1,7.74,15,7.813,6.774,15,15,14,15,0,0,PASS,,,0,,7.7,15,https://ja.wikipedia.org/wiki/富山港線,ok,
富山地方鉄道␟富山都心線,富山地方鉄道,富山都心線,tram,ordinary_linear,59,yes,jp-富山地方鉄道-富山都心線,1,0.978,5,1.023,0.795,5,5,4,5,0,0,PASS,,,0,,0.9,5,https://ja.wikipedia.org/wiki/富山地方鉄道富山軌道線,ok,丸の内-西町 incl both shared termini
富山地方鉄道␟富山駅南北接続線,富山地方鉄道,富山駅南北接続線,tram,branched_terminal,59,no,,0,,,0.258,0.188,1,1,0,0,0,0,,,,0,no adjacency rows for this line,0.2,1,https://ja.wikipedia.org/wiki/富山地方鉄道富山軌道線,mismatch_both,"not drawn at all (0 parts, absent from jp-2025.json)"
富山地方鉄道␟支線,富山地方鉄道,支線,tram,ordinary_linear,59,yes,jp-富山地方鉄道-支線,1,1.1,4,1.148,0.959,4,4,3,4,0,0,PASS,,,0,,1.0,4,https://ja.wikipedia.org/wiki/富山地方鉄道富山軌道線,ok,
富山地方鉄道␟本線,富山地方鉄道,本線,private,homonymous_lines,48,yes,jp-富山地方鉄道-本線|jp-富山地方鉄道-本線-2|jp-富山地方鉄道-本線-3,3,59.325,57,56.71,52.872,55,55,54,57,0,0,PASS,,trunk plus 1 branch(es) split from the graph (1 rejoining route(s)); 2 disconnected piece(s) drawn as separate display lines,0,,56.9,55,https://ja.wikipedia.org/wiki/富山地方鉄道本線,ok,N02 merges 鉄道本線53.3km/41駅+軌道本線3.6km/14駅; drawn sum 59.325 double-counts the 3.0km 上市 reversal tail (dedup 56.32)
富山地方鉄道␟立山線,富山地方鉄道,立山線,private,ordinary_linear,48,yes,jp-富山地方鉄道-立山線,1,24.141,14,24.251,23.241,14,14,13,14,0,0,PASS,,,0,,24.2,14,https://ja.wikipedia.org/wiki/富山地方鉄道立山線,ok,
小湊鐵道␟小湊鐵道線,小湊鐵道,小湊鐵道線,private,ordinary_linear,50,yes,jp-小湊鐵道-小湊鐵道線,1,38.987,18,39.189,37.587,18,18,17,18,0,0,PASS,,,0,,39.1,18,https://ja.wikipedia.org/wiki/小湊鉄道線,ok,
小田急箱根␟鉄道線,小田急箱根,鉄道線,private,reversing_linear,51,yes,jp-小田急箱根-鉄道線,1,14.6,11,14.872,13.96,11,11,10,11,0,0,PASS,,,0,,15.0,11,https://ja.wikipedia.org/wiki/箱根登山鉄道鉄道線,ok,
小田急箱根␟鋼索線,小田急箱根,鋼索線,funicular,ordinary_linear,64,yes,jp-小田急箱根-鋼索線,1,1.202,6,1.271,0.85,6,6,5,6,0,0,PASS,,,0,,1.2,6,https://ja.wikipedia.org/wiki/箱根登山鉄道鋼索線,ok,
小田急電鉄␟多摩線,小田急電鉄,多摩線,private,ordinary_linear,39,yes,jp-小田急電鉄-多摩線,1,10.641,8,10.844,9.47,8,8,7,8,0,0,PASS,,,0,,10.6,8,https://ja.wikipedia.org/wiki/小田急多摩線,ok,
小田急電鉄␟小田原線,小田急電鉄,小田原線,private,branched_terminal,39,yes,jp-小田急電鉄-小田原線,1,82.567,47,83.611,75.011,47,47,46,47,0,0,PASS,,,0,,82.5,47,https://ja.wikipedia.org/wiki/小田急小田原線,ok,
小田急電鉄␟江ノ島線,小田急電鉄,江ノ島線,private,branched_terminal,39,yes,jp-小田急電鉄-江ノ島線|jp-小田急電鉄-江ノ島線-2,2,29.914,19,28.01,25.087,17,17,17,18,1,0,PASS,,trunk plus 1 branch(es) split from the graph (1 rejoining route(s)),0,,27.6,17,https://ja.wikipedia.org/wiki/小田急江ノ島線,ok,drawn sum 29.914 double-counts the 3.25km 藤沢 reversal tail; trunk part alone 26.663km/16駅 + 藤沢 = 27.6km/17駅
山万␟ユーカリが丘線,山万,ユーカリが丘線,agt,loop_with_tail,64,yes,jp-山万-ユーカリが丘線|jp-山万-ユーカリが丘線-2,2,3.59,6,4.096,3.667,6,6,7,6,0,0,PASS,,"女子大–井野 skips 公園 over the same track — service edge, not a second alignment; 1 audited branch part(s) drawn as sibling display line(s)",1,,4.1,6,https://ja.wikipedia.org/wiki/山万ユーカリが丘線,ok,within 1km but 0.5km short: 公園-地区センター link looks absent (loop 3.103 + stem 0.487 only)
山形鉄道␟フラワー長井線,山形鉄道,フラワー長井線,third_sector,ordinary_linear,56,yes,jp-山形鉄道-フラワー長井線,1,30.625,17,30.732,29.284,17,17,16,17,0,0,PASS,,,0,,30.5,17,https://ja.wikipedia.org/wiki/山形鉄道フラワー長井線,ok,
山陽電気鉄道␟本線,山陽電気鉄道,本線,private,ordinary_linear,46,yes,jp-山陽電気鉄道-本線,1,54.604,43,54.692,50.934,43,43,42,43,0,0,PASS,,,0,,54.7,43,https://ja.wikipedia.org/wiki/山陽電気鉄道本線,ok,
山陽電気鉄道␟網干線,山陽電気鉄道,網干線,private,ordinary_linear,46,yes,jp-山陽電気鉄道-網干線,1,8.485,7,8.567,8.024,7,7,6,7,0,0,PASS,,,0,,8.5,7,https://ja.wikipedia.org/wiki/山陽電気鉄道網干線,ok,
岡山電気軌道␟東山本線,岡山電気軌道,東山本線,tram,ordinary_linear,61,yes,jp-岡山電気軌道-東山本線,1,3.084,10,3.132,2.627,10,10,9,10,0,0,PASS,,,0,,3.1,10,https://ja.wikipedia.org/wiki/岡山電気軌道東山本線,ok,official 11 incl 臨時停留場 京橋; 10 regular
岡山電気軌道␟清輝橋線,岡山電気軌道,清輝橋線,tram,ordinary_linear,61,yes,jp-岡山電気軌道-清輝橋線,1,1.62,7,1.669,1.352,7,7,6,7,0,0,PASS,,,0,,1.6,7,https://ja.wikipedia.org/wiki/岡山電気軌道清輝橋線,ok,
岳南電車␟岳南鉄道線,岳南電車,岳南鉄道線,private,ordinary_linear,52,yes,jp-岳南電車-岳南鉄道線,1,9.178,10,9.251,8.519,10,10,9,10,0,0,PASS,,,0,,9.2,10,https://ja.wikipedia.org/wiki/岳南電車岳南線,ok,
島原鉄道␟島原鉄道線,島原鉄道,島原鉄道線,private,ordinary_linear,50,yes,jp-島原鉄道-島原鉄道線,1,43.36,24,43.541,41.097,24,24,23,24,0,0,PASS,,,0,,43.2,24,https://ja.wikipedia.org/wiki/島原鉄道線,ok,
嵯峨野観光鉄道␟嵯峨野観光線,嵯峨野観光鉄道,嵯峨野観光線,private,ordinary_linear,52,yes,jp-嵯峨野観光鉄道-嵯峨野観光線,1,8.826,4,8.897,8.56,4,4,3,4,0,0,PASS,,,0,,7.3,4,https://ja.wikipedia.org/wiki/嵯峨野観光鉄道嵯峨野観光線,mismatch_km,"drawn 8.826 vs 7.3 (+1.53km/+21%), single part, no reversal tail to explain it"
平成筑豊鉄道␟伊田線,平成筑豊鉄道,伊田線,third_sector,ordinary_linear,53,yes,jp-平成筑豊鉄道-伊田線,1,16.112,15,16.28,14.623,15,15,14,15,0,0,PASS,,,0,,16.1,15,https://ja.wikipedia.org/wiki/平成筑豊鉄道伊田線,ok,drawn 16.112/15 matches
平成筑豊鉄道␟田川線,平成筑豊鉄道,田川線,third_sector,ordinary_linear,53,yes,jp-平成筑豊鉄道-田川線,1,26.278,17,26.54,24.765,17,17,16,17,0,0,PASS,,,0,,26.3,17,https://ja.wikipedia.org/wiki/平成筑豊鉄道田川線,ok,article text and operator table both give 17駅 (infobox 駅数 param stale)
平成筑豊鉄道␟糸田線,平成筑豊鉄道,糸田線,third_sector,ordinary_linear,53,yes,jp-平成筑豊鉄道-糸田線,1,6.897,6,7.063,6.428,6,6,5,6,0,0,PASS,,,0,,6.8,6,https://ja.wikipedia.org/wiki/平成筑豊鉄道糸田線,ok,drawn 6.897/6 matches
平成筑豊鉄道␟門司港レトロ観光線,平成筑豊鉄道,門司港レトロ観光線,third_sector,ordinary_linear,53,yes,jp-平成筑豊鉄道-門司港レトロ観光線,1,2.136,4,2.221,1.888,4,4,3,4,0,0,PASS,,,0,,2.1,4,https://ja.wikipedia.org/wiki/平成筑豊鉄道門司港レトロ観光線,ok,drawn 2.136/4 matches
広島電鉄␟宇品線,広島電鉄,宇品線,tram,branch_rejoins,58,yes,jp-広島電鉄-宇品線|jp-広島電鉄-宇品線-2,2,6.401,22,6.264,5.285,20,20,20,22,0,0,PASS,,trunk plus 1 branch(es) split from the graph (1 rejoining route(s)),0,,5.9,19,https://ja.wikipedia.org/wiki/広島電鉄宇品線,ok,"km +0.50 within tol; 2nd part is the 紙屋町東 connector re-listing 紙屋町西+本通, distinct=20"
広島電鉄␟宮島線,広島電鉄,宮島線,private,ordinary_linear,51,yes,jp-広島電鉄-宮島線,1,16.027,22,16.093,14.505,22,22,21,22,0,0,PASS,,,0,,16.1,22,https://ja.wikipedia.org/wiki/広島電鉄宮島線,ok,drawn 16.027/22 matches
広島電鉄␟循環線,広島電鉄,循環線,tram,ordinary_linear,58,no,,0,,,,1.074,4,,3,0,0,0,,,,0,"no N02 RailroadSection carries this (line, operator)",1.2,4,https://ja.wikipedia.org/wiki/広島電鉄,mismatch_both,"line absent from jp-2025 package (0 parts, nothing drawn); opened 2026-03-28 稲荷町-比治山下"
広島電鉄␟本線,広島電鉄,本線,tram,branched_terminal,58,yes,jp-広島電鉄-本線,1,5.186,18,5.635,4.455,18,21,17,18,0,0,PASS,,"2 interval(s) differ from the audited distance: [('十日市町', '本川町', 0.369, 0.21), ('稲荷町', '広島駅', 0.607, 0.426)]",0,,5.2,17,https://ja.wikipedia.org/wiki/広島電鉄本線,ok,drawn 18 counts 紙屋町西/紙屋町東 separately; official counts 紙屋町 once
広島電鉄␟横川線,広島電鉄,横川線,tram,ordinary_linear,58,yes,jp-広島電鉄-横川線,1,1.461,5,1.508,1.271,5,5,4,5,0,0,PASS,,,0,,1.4,5,https://ja.wikipedia.org/wiki/広島電鉄横川線,ok,drawn 1.461/5 matches
広島電鉄␟江波線,広島電鉄,江波線,tram,ordinary_linear,58,yes,jp-広島電鉄-江波線,1,2.691,7,2.741,2.396,7,7,6,7,0,0,PASS,,,0,,2.6,7,https://ja.wikipedia.org/wiki/広島電鉄江波線,ok,drawn 2.691/7 matches
広島電鉄␟白島線,広島電鉄,白島線,tram,ordinary_linear,58,yes,jp-広島電鉄-白島線,1,1.006,5,1.263,0.809,5,6,4,5,0,0,PASS,,,0,,1.2,5,https://ja.wikipedia.org/wiki/広島電鉄白島線,ok,km -0.19 within 1.0 km tol
広島電鉄␟皆実線,広島電鉄,皆実線,tram,ordinary_linear,58,yes,jp-広島電鉄-皆実線,1,2.17,7,3.02,2.675,7,8,6,7,0,0,PASS,,,0,,2.2,7,https://ja.wikipedia.org/wiki/広島電鉄皆実線,ok,drawn 2.17/7 matches
広島高速交通␟広島新交通1号線,広島高速交通,広島新交通1号線,agt,ordinary_linear,63,yes,jp-広島高速交通-広島新交通1号線,1,18.372,22,18.441,16.764,22,22,21,22,0,0,PASS,,,0,,18.4,22,https://ja.wikipedia.org/wiki/広島高速交通広島新交通1号線,ok,drawn 18.372/22 matches
弘南鉄道␟大鰐線,弘南鉄道,大鰐線,private,ordinary_linear,49,yes,jp-弘南鉄道-大鰐線,1,13.874,14,13.98,12.852,14,14,13,14,0,0,PASS,,,0,,13.9,14,https://ja.wikipedia.org/wiki/弘南鉄道大鰐線,ok,drawn 13.874/14 matches
弘南鉄道␟弘南線,弘南鉄道,弘南線,private,ordinary_linear,49,yes,jp-弘南鉄道-弘南線,1,16.623,13,16.699,15.461,13,13,12,13,0,0,PASS,,,0,,16.8,13,https://ja.wikipedia.org/wiki/弘南鉄道弘南線,ok,drawn 16.623/13 matches
御岳登山鉄道␟ケーブルカー,御岳登山鉄道,ケーブルカー,funicular,ordinary_linear,65,yes,jp-御岳登山鉄道-ケーブルカー,1,1.007,2,1.057,0.955,2,2,1,2,0,0,PASS,,,0,,1.107,2,https://ja.wikipedia.org/wiki/御岳登山鉄道,ok,路線距離 1.107 km (営業キロ 1.0 km); drawn 1.007/2
愛知環状鉄道␟愛知環状鉄道線,愛知環状鉄道,愛知環状鉄道線,third_sector,ordinary_linear,55,yes,jp-愛知環状鉄道-愛知環状鉄道線,1,45.426,23,45.725,42.886,23,23,22,23,0,0,PASS,,,0,,45.3,23,https://ja.wikipedia.org/wiki/愛知環状鉄道線,ok,drawn 45.426/23 matches
愛知高速交通␟東部丘陵線,愛知高速交通,東部丘陵線,maglev,ordinary_linear,64,yes,jp-愛知高速交通-東部丘陵線,1,8.917,9,8.999,8.411,9,9,8,9,0,0,PASS,,,0,,8.9,9,https://ja.wikipedia.org/wiki/愛知高速交通東部丘陵線,ok,drawn 8.917/9 matches
明知鉄道␟明知線,明知鉄道,明知線,third_sector,ordinary_linear,56,yes,jp-明知鉄道-明知線,1,25.154,11,25.332,24.3,11,11,10,11,0,0,PASS,,,0,,25.1,11,https://ja.wikipedia.org/wiki/明知鉄道明知線,ok,drawn 25.154/11 matches
智頭急行␟智頭線,智頭急行,智頭線,third_sector,ordinary_linear,55,yes,jp-智頭急行-智頭線,1,56.324,14,56.501,55.065,14,14,13,14,0,0,PASS,,,0,,56.1,14,https://ja.wikipedia.org/wiki/智頭線,ok,drawn 56.324/14 matches
札幌市␟南北線,札幌市,南北線,subway,ordinary_linear,34,yes,jp-札幌市-南北線,1,14.29,16,14.825,12.839,16,16,15,16,0,0,PASS,,,0,,14.3,16,https://ja.wikipedia.org/wiki/札幌市営地下鉄南北線,ok,drawn 14.29/16 matches
札幌市␟東西線,札幌市,東西線,subway,ordinary_linear,34,yes,jp-札幌市-東西線,1,20.061,19,20.255,17.115,19,19,18,19,0,0,PASS,,,0,,20.1,19,https://ja.wikipedia.org/wiki/札幌市営地下鉄東西線,ok,drawn 20.061/19 matches
札幌市␟東豊線,札幌市,東豊線,subway,ordinary_linear,34,yes,jp-札幌市-東豊線,1,13.643,14,13.761,11.803,14,14,13,14,0,0,PASS,,,0,,13.6,14,https://ja.wikipedia.org/wiki/札幌市営地下鉄東豊線,ok,drawn 13.643/14 matches
東京モノレール␟東京モノレール羽田空港線,東京モノレール,東京モノレール羽田空港線,monorail,ordinary_linear,63,yes,jp-東京モノレール-東京モノレール羽田空港線,1,17.932,11,18.079,16.58,11,11,10,11,0,0,PASS,,,0,,17.8,11,https://ja.wikipedia.org/wiki/東京モノレール羽田空港線,ok,drawn 17.932/11 matches
東京地下鉄␟11号線半蔵門線,東京地下鉄,11号線半蔵門線,subway,ordinary_linear,31,yes,jp-東京地下鉄-11号線半蔵門線,1,16.783,14,17.086,13.91,14,14,13,14,0,0,PASS,,,0,,16.8,14,https://ja.wikipedia.org/wiki/東京メトロ半蔵門線,ok,drawn 16.783/14 matches
東京地下鉄␟13号線副都心線,東京地下鉄,13号線副都心線,subway,ordinary_linear,31,yes,jp-東京地下鉄-13号線副都心線,1,12.01,11,12.215,8.842,11,11,10,11,0,0,PASS,,,0,,11.9,11,https://ja.wikipedia.org/wiki/東京メトロ副都心線,ok,営業キロ is 小竹向原-渋谷; 和光市-小竹向原 is counted under 有楽町線
東京地下鉄␟2号線日比谷線,東京地下鉄,2号線日比谷線,subway,ordinary_linear,31,yes,jp-東京地下鉄-2号線日比谷線,1,20.265,22,20.508,16.585,22,22,21,22,0,0,PASS,,,0,,20.3,22,https://ja.wikipedia.org/wiki/東京メトロ日比谷線,ok,drawn 20.265/22 matches
東京地下鉄␟3号線銀座線,東京地下鉄,3号線銀座線,subway,ordinary_linear,31,yes,jp-東京地下鉄-3号線銀座線,1,14.201,19,14.303,11.831,19,19,18,19,0,0,PASS,,,0,,14.2,19,https://ja.wikipedia.org/wiki/東京メトロ銀座線,ok,drawn 14.201/19 matches
東京地下鉄␟4号線丸ノ内線,東京地下鉄,4号線丸ノ内線,subway,ordinary_linear,31,yes,jp-東京地下鉄-4号線丸ノ内線,1,24.412,25,24.579,20.804,25,25,24,25,0,0,PASS,,,0,,24.2,25,https://ja.wikipedia.org/wiki/東京メトロ丸ノ内線,ok,本線 池袋-荻窪; drawn 24.412/25 matches
東京地下鉄␟4号線丸ノ内線分岐線,東京地下鉄,4号線丸ノ内線分岐線,subway,ordinary_linear,31,yes,jp-東京地下鉄-4号線丸ノ内線分岐線,1,3.239,4,3.362,2.853,4,4,3,4,0,0,PASS,,,0,,3.2,4,https://ja.wikipedia.org/wiki/東京メトロ丸ノ内線,ok,infobox says 分岐線3駅 excluding shared 中野坂上; physical count incl. 中野坂上 is 4
東京地下鉄␟5号線東西線,東京地下鉄,5号線東西線,subway,ordinary_linear,31,yes,jp-東京地下鉄-5号線東西線,1,30.775,23,31.003,26.114,23,23,22,23,0,0,PASS,,,0,,30.8,23,https://ja.wikipedia.org/wiki/東京メトロ東西線,ok,drawn 30.775/23 matches
東京地下鉄␟7号線南北線,東京地下鉄,7号線南北線,subway,ordinary_linear,31,yes,jp-東京地下鉄-7号線南北線,1,21.323,19,21.524,17.505,19,19,18,19,0,0,PASS,,,0,,21.3,19,https://ja.wikipedia.org/wiki/東京メトロ南北線,ok,drawn 21.323/19 matches
東京地下鉄␟8号線有楽町線,東京地下鉄,8号線有楽町線,subway,ordinary_linear,31,yes,jp-東京地下鉄-8号線有楽町線,1,28.351,24,28.568,23.301,24,24,23,24,0,0,PASS,,,0,,28.3,24,https://ja.wikipedia.org/wiki/東京メトロ有楽町線,ok,和光市-新木場 full line; drawn 28.351/24 matches
東京地下鉄␟9号線千代田線,東京地下鉄,9号線千代田線,subway,ordinary_linear,31,yes,jp-東京地下鉄-9号線千代田線,1,23.972,20,25.413,20.229,20,20,19,20,0,0,PASS,,,0,,24.0,20,https://ja.wikipedia.org/wiki/東京メトロ千代田線,ok,includes 綾瀬-北綾瀬 branch; drawn 23.972/20 matches
東京臨海高速鉄道␟臨海副都心線,東京臨海高速鉄道,臨海副都心線,third_sector,ordinary_linear,57,yes,jp-東京臨海高速鉄道-臨海副都心線,1,12.264,8,12.465,10.932,8,8,7,8,0,0,PASS,,,0,,12.2,8,https://ja.wikipedia.org/wiki/りんかい線,ok,drawn 12.264/8 matches
東京都␟10号線新宿線,東京都,10号線新宿線,subway,ordinary_linear,33,yes,jp-東京都-10号線新宿線,1,23.611,21,23.89,19.938,21,21,20,21,0,0,PASS,,,0,,23.5,21,https://ja.wikipedia.org/wiki/都営地下鉄新宿線,ok,drawn 23.611/21 matches
東京都␟12号線大江戸線,東京都,12号線大江戸線,subway,loop_with_tail,33,yes,jp-東京都-12号線大江戸線|jp-東京都-12号線大江戸線-2|jp-東京都-12号線大江戸線-3,3,41.94,42,40.822,34.581,38,38,39,42,0,0,PASS,,trunk plus 2 branch(es) split from the graph (2 rejoining route(s)),0,,40.7,38,https://ja.wikipedia.org/wiki/都営地下鉄大江戸線,ok,"distinct drawn stations = 38 exact; km +1.24 (3.05%, just over tol) from 都庁前/新宿 loop-closure part overlap"
東京都␟1号線浅草線,東京都,1号線浅草線,subway,ordinary_linear,33,yes,jp-東京都-1号線浅草線,1,18.348,20,18.534,15.318,20,20,19,20,0,0,PASS,,,0,,18.3,20,https://ja.wikipedia.org/wiki/都営地下鉄浅草線,ok,drawn 18.348/20 matches
東京都␟6号線三田線,東京都,6号線三田線,subway,ordinary_linear,33,yes,jp-東京都-6号線三田線,1,26.543,27,26.736,22.264,27,27,26,27,0,0,PASS,,,0,,26.5,27,https://ja.wikipedia.org/wiki/都営地下鉄三田線,ok,drawn 26.543/27 matches
東京都␟日暮里・舎人ライナー,東京都,日暮里・舎人ライナー,agt,ordinary_linear,64,yes,jp-東京都-日暮里・舎人ライナー,1,9.736,13,9.793,8.819,13,13,12,13,0,0,PASS,,,0,,9.7,13,https://ja.wikipedia.org/wiki/日暮里・舎人ライナー,ok,drawn 9.736/13 matches
東京都␟荒川線,東京都,荒川線,tram,ordinary_linear,61,yes,jp-東京都-荒川線,1,12.106,30,12.153,10.787,30,30,29,30,0,0,PASS,,,0,,12.2,30,https://ja.wikipedia.org/wiki/東京さくらトラム,ok,drawn 12.106/30 matches
東急電鉄␟こどもの国線,東急電鉄,こどもの国線,private,ordinary_linear,38,yes,jp-東急電鉄-こどもの国線,1,3.285,3,3.447,3.021,3,3,2,3,0,0,PASS,,,0,,3.4,3,https://ja.wikipedia.org/wiki/東急こどもの国線,ok,km -0.12 within 1.0 km tol
東急電鉄␟世田谷線,東急電鉄,世田谷線,tram,ordinary_linear,62,yes,jp-東急電鉄-世田谷線,1,4.898,10,4.97,4.22,10,10,9,10,0,0,PASS,,,0,,5.0,10,https://ja.wikipedia.org/wiki/東急世田谷線,ok,drawn 4.898/10 matches
東急電鉄␟大井町線,東急電鉄,大井町線,private,ordinary_linear,38,yes,jp-東急電鉄-大井町線,1,10.403,15,10.626,8.939,15,15,14,15,0,0,PASS,,,0,,10.4,15,https://ja.wikipedia.org/wiki/東急大井町線,ok,licensed section 大井町-二子玉川 10.4 km/15駅; infobox 12.4 km/16駅 adds 二子玉川-溝の口 which is legally 田園都市線
東急電鉄␟東急多摩川線,東急電鉄,東急多摩川線,private,ordinary_linear,38,yes,jp-東急電鉄-東急多摩川線,1,5.589,7,5.706,5.093,7,7,6,7,0,0,PASS,,,0,,5.6,7,https://ja.wikipedia.org/wiki/東急多摩川線,ok,drawn 5.589/7 matches
東急電鉄␟東急新横浜線,東急電鉄,東急新横浜線,private,ordinary_linear,38,yes,jp-東急電鉄-東急新横浜線,1,5.846,3,6.086,5.418,3,3,2,3,0,0,PASS,,,0,,5.8,3,https://ja.wikipedia.org/wiki/東急新横浜線,ok,drawn 5.846/3 matches
東急電鉄␟東横線,東急電鉄,東横線,private,branched_terminal,38,yes,jp-東急電鉄-東横線,1,25.369,21,25.12,21.435,21,22,20,21,0,0,PASS,,"1 interval(s) differ from the audited distance: [('多摩川', '新丸子', 2.396, 1.099)]",0,,24.2,21,https://ja.wikipedia.org/wiki/東急東横線,mismatch_km,"drawn 25.369 vs 24.2 (+1.17 km, 4.8%); station list 渋谷-横浜 21駅 is correct"
東急電鉄␟池上線,東急電鉄,池上線,private,ordinary_linear,38,yes,jp-東急電鉄-池上線,1,10.811,15,10.896,9.753,15,15,14,15,0,0,PASS,,,0,,10.9,15,https://ja.wikipedia.org/wiki/東急池上線,ok,drawn 10.811/15 matches
東急電鉄␟田園都市線,東急電鉄,田園都市線,private,ordinary_linear,38,yes,jp-東急電鉄-田園都市線,1,31.448,27,31.631,27.093,27,27,26,27,0,0,PASS,,,0,,31.5,27,https://ja.wikipedia.org/wiki/東急田園都市線,ok,drawn 31.448/27 matches
東急電鉄␟目黒線,東急電鉄,目黒線,private,ordinary_linear,38,yes,jp-東急電鉄-目黒線,1,6.444,8,6.606,5.687,8,8,7,8,0,0,PASS,,,0,,6.5,8,https://ja.wikipedia.org/wiki/東急目黒線,ok,licensed section 目黒-田園調布 6.5 km/8駅; infobox 11.9 km/13駅 adds 田園調布-日吉 which is legally 東横線
東日本旅客鉄道␟上越新幹線,東日本旅客鉄道,上越新幹線,shinkansen,ordinary_linear,16,yes,jp-東日本旅客鉄道-上越新幹線,1,269.753,10,270.184,266.098,10,10,9,10,0,0,PASS,,,0,,269.5,10,https://ja.wikipedia.org/wiki/%E4%B8%8A%E8%B6%8A%E6%96%B0%E5%B9%B9%E7%B7%9A,ok,実キロ269.5(営業キロ303.6は在来線換算の運賃キロ)、駅数一致
東日本旅客鉄道␟上越線,東日本旅客鉄道,上越線,jr_conventional,complex_multicycle,18,yes,jp-東日本旅客鉄道-上越線|jp-東日本旅客鉄道-上越線-2,2,163.661,37,197.931,165.508,36,39,35,37,0,0,PASS,,"trunk plus 1 branch(es) split from the graph | 2 interval(s) differ from the audited distance: [('湯檜曽', '土合', 7.529, 3.493), ('土合', '土樽', 10.716, 10.16)]",0,,164.4,36,https://ja.wikipedia.org/wiki/%E4%B8%8A%E8%B6%8A%E7%B7%9A,ok,本線162.6+ガーラ支線1.8、越後湯沢が2部分で重複計上
東日本旅客鉄道␟両毛線,東日本旅客鉄道,両毛線,jr_conventional,ordinary_linear,19,yes,jp-東日本旅客鉄道-両毛線,1,84.489,19,84.749,81.316,19,19,18,19,0,0,PASS,,,0,,84.4,19,https://ja.wikipedia.org/wiki/%E4%B8%A1%E6%AF%9B%E7%B7%9A,ok,
東日本旅客鉄道␟中央線,東日本旅客鉄道,中央線,jr_conventional,branch_rejoins,18,yes,jp-東日本旅客鉄道-中央線|jp-東日本旅客鉄道-中央線-2,2,240.96,73,274.486,225.447,72,75,75,73,0,0,WARNING,sharp_artificial_turn,"新宿–千駄ヶ谷 skips 代々木 over the same track — service edge, not a second alignment; 1 audited branch part(s) drawn as sibling display line(s) | 1 interval(s) differ from the audited distance: [('中野', '東中野', 2.745, 1.498)]",1,,249.8,73,https://ja.wikipedia.org/wiki/%E4%B8%AD%E5%A4%AE%E6%9C%AC%E7%B7%9A,mismatch_km,JR東日本区間 東京-塩尻222.1+辰野支線27.7、本線側がみどり湖止まりでみどり湖-塩尻約6.5kmが未描画
東日本旅客鉄道␟久留里線,東日本旅客鉄道,久留里線,jr_conventional,ordinary_linear,21,yes,jp-東日本旅客鉄道-久留里線,1,32.019,14,32.198,30.842,14,14,13,14,0,0,PASS,,,0,,32.2,14,https://ja.wikipedia.org/wiki/%E4%B9%85%E7%95%99%E9%87%8C%E7%B7%9A,ok,
東日本旅客鉄道␟五日市線,東日本旅客鉄道,五日市線,jr_conventional,ordinary_linear,22,yes,jp-東日本旅客鉄道-五日市線,1,11.052,7,11.244,10.276,7,7,6,7,0,0,PASS,,,0,,11.1,7,https://ja.wikipedia.org/wiki/%E4%BA%94%E6%97%A5%E5%B8%82%E7%B7%9A,ok,
東日本旅客鉄道␟五能線,東日本旅客鉄道,五能線,jr_conventional,ordinary_linear,18,yes,jp-東日本旅客鉄道-五能線,1,147.174,43,147.422,142.557,43,43,42,43,0,0,PASS,,,0,,147.2,43,https://ja.wikipedia.org/wiki/%E4%BA%94%E8%83%BD%E7%B7%9A,ok,
東日本旅客鉄道␟京葉線,東日本旅客鉄道,京葉線,jr_conventional,complex_multicycle,21,yes,jp-東日本旅客鉄道-京葉線|jp-東日本旅客鉄道-京葉線-2,2,51.024,21,48.225,44.517,19,19,21,20,1,0,PASS,,"西船橋–南船橋 skips 二俣新町 over the same track — service edge, not a second alignment; 南船橋–市川塩浜 skips 二俣新町 over the same track — service edge, not a second alignment; trunk plus 1 branch(es) split from the graph (1 rejoining route(s))",2,,54.3,19,https://ja.wikipedia.org/wiki/%E4%BA%AC%E8%91%89%E7%B7%9A,mismatch_km,支線部分が8.1kmのみ(公式は市川塩浜-西船橋5.9+西船橋-南船橋5.3=11.2)、独立駅数19は一致
東日本旅客鉄道␟仙山線,東日本旅客鉄道,仙山線,jr_conventional,ordinary_linear,20,yes,jp-東日本旅客鉄道-仙山線,1,58.025,18,58.294,55.852,18,18,17,18,0,0,PASS,,,0,,58.0,18,https://ja.wikipedia.org/wiki/%E4%BB%99%E5%B1%B1%E7%B7%9A,ok,
東日本旅客鉄道␟仙石線,東日本旅客鉄道,仙石線,jr_conventional,ordinary_linear,21,yes,jp-東日本旅客鉄道-仙石線,1,48.899,32,49.012,46.05,32,32,31,32,0,0,PASS,,,0,,49.0,32,https://ja.wikipedia.org/wiki/%E4%BB%99%E7%9F%B3%E7%B7%9A,ok,旅客区間あおば通-石巻のみ、貨物支線陸前山下-石巻港1.8kmは非描画
東日本旅客鉄道␟伊東線,東日本旅客鉄道,伊東線,jr_conventional,ordinary_linear,22,yes,jp-東日本旅客鉄道-伊東線,1,16.812,6,17.061,15.653,6,6,5,6,0,0,PASS,,,0,,16.9,6,https://ja.wikipedia.org/wiki/%E4%BC%8A%E6%9D%B1%E7%B7%9A,ok,
東日本旅客鉄道␟信越線,東日本旅客鉄道,信越線,jr_conventional,disconnected,18,yes,jp-東日本旅客鉄道-信越線|jp-東日本旅客鉄道-信越線-2|jp-東日本旅客鉄道-信越線-3,3,174.585,55,181.129,165.952,55,55,53,55,0,0,PASS,,"帯織–押切 skips 見附 over the same track — service edge, not a second alignment; 3 disconnected piece(s) drawn as separate display lines",1,,175.3,55,https://ja.wikipedia.org/wiki/%E4%BF%A1%E8%B6%8A%E6%9C%AC%E7%B7%9A,ok,JR東3区間29.7+9.3+136.3、旅客駅55一致
東日本旅客鉄道␟八戸線,東日本旅客鉄道,八戸線,jr_conventional,ordinary_linear,20,yes,jp-東日本旅客鉄道-八戸線,1,64.831,24,65.028,62.384,24,24,23,24,0,0,PASS,,,0,,64.9,24,https://ja.wikipedia.org/wiki/%E5%85%AB%E6%88%B8%E7%B7%9A,ok,
東日本旅客鉄道␟八高線,東日本旅客鉄道,八高線,jr_conventional,ordinary_linear,19,yes,jp-東日本旅客鉄道-八高線,1,92.225,23,94.078,89.289,23,23,22,23,0,0,PASS,,,0,,92.0,23,https://ja.wikipedia.org/wiki/%E5%85%AB%E9%AB%98%E7%B7%9A,ok,
東日本旅客鉄道␟内房線,東日本旅客鉄道,内房線,jr_conventional,ordinary_linear,18,yes,jp-東日本旅客鉄道-内房線,1,119.392,30,121.738,113.144,30,30,29,30,0,0,PASS,,,0,,119.4,30,https://ja.wikipedia.org/wiki/%E5%86%85%E6%88%BF%E7%B7%9A,ok,
東日本旅客鉄道␟北上線,東日本旅客鉄道,北上線,jr_conventional,ordinary_linear,20,yes,jp-東日本旅客鉄道-北上線,1,60.928,15,61.173,59.308,15,15,14,15,0,0,PASS,,,0,,61.1,15,https://ja.wikipedia.org/wiki/%E5%8C%97%E4%B8%8A%E7%B7%9A,ok,
東日本旅客鉄道␟北陸新幹線,東日本旅客鉄道,北陸新幹線,shinkansen,ordinary_linear,16,yes,jp-東日本旅客鉄道-北陸新幹線,1,176.858,8,177.226,174.718,8,8,7,8,0,0,PASS,,,0,,176.9,8,https://ja.wikipedia.org/wiki/%E5%8C%97%E9%99%B8%E6%96%B0%E5%B9%B9%E7%B7%9A,ok,JR東日本区間 高崎-上越妙高176.9km、駅数8一致
東日本旅客鉄道␟南武線,東日本旅客鉄道,南武線,jr_conventional,branched_terminal,21,yes,jp-東日本旅客鉄道-南武線|jp-東日本旅客鉄道-南武線-2,2,38.899,31,38.884,34.975,30,30,30,31,0,0,PASS,,1 audited branch part(s) drawn as sibling display line(s),0,,39.6,30,https://ja.wikipedia.org/wiki/%E5%8D%97%E6%AD%A6%E7%B7%9A,ok,JR東旅客39.6km(本線35.5+浜川崎支線4.1)、尻手短絡線5.4kmは旅客営業なしで非描画
東日本旅客鉄道␟只見線,東日本旅客鉄道,只見線,jr_conventional,ordinary_linear,18,yes,jp-東日本旅客鉄道-只見線,1,135.312,36,135.516,132.097,36,36,35,36,0,0,PASS,,,0,,135.2,36,https://ja.wikipedia.org/wiki/%E5%8F%AA%E8%A6%8B%E7%B7%9A,ok,
東日本旅客鉄道␟吾妻線,東日本旅客鉄道,吾妻線,jr_conventional,ordinary_linear,20,yes,jp-東日本旅客鉄道-吾妻線,1,55.065,18,55.25,52.695,18,18,17,18,0,0,PASS,,,0,,55.3,18,https://ja.wikipedia.org/wiki/%E5%90%BE%E5%A6%BB%E7%B7%9A,ok,
東日本旅客鉄道␟外房線,東日本旅客鉄道,外房線,jr_conventional,ordinary_linear,19,yes,jp-東日本旅客鉄道-外房線,1,92.4,27,96.255,87.438,27,27,26,27,0,0,PASS,,,0,,93.3,27,https://ja.wikipedia.org/wiki/%E5%A4%96%E6%88%BF%E7%B7%9A,ok,
東日本旅客鉄道␟大湊線,東日本旅客鉄道,大湊線,jr_conventional,ordinary_linear,20,yes,jp-東日本旅客鉄道-大湊線,1,58.225,11,58.609,57.283,11,11,10,11,0,0,PASS,,,0,,58.4,11,https://ja.wikipedia.org/wiki/%E5%A4%A7%E6%B9%8A%E7%B7%9A,ok,
東日本旅客鉄道␟大糸線,東日本旅客鉄道,大糸線,jr_conventional,ordinary_linear,20,yes,jp-東日本旅客鉄道-大糸線,1,70.309,33,70.548,66.265,33,33,32,33,0,0,PASS,,,0,,70.1,33,https://ja.wikipedia.org/wiki/%E5%A4%A7%E7%B3%B8%E7%B7%9A,ok,JR東日本区間 松本-南小谷70.1km/33駅、JR西日本区間は別線扱いで対象外
東日本旅客鉄道␟大船渡線,東日本旅客鉄道,大船渡線,jr_conventional,ordinary_linear,20,yes,jp-東日本旅客鉄道-大船渡線,1,61.943,14,62.181,60.353,14,14,13,14,0,0,PASS,,,0,,62.0,14,https://ja.wikipedia.org/wiki/%E5%A4%A7%E8%88%B9%E6%B8%A1%E7%B7%9A,ok,鉄道存続区間 一ノ関-気仙沼のみ、BRT区間は対象外
東日本旅客鉄道␟奥羽線,東日本旅客鉄道,奥羽線,jr_conventional,complex_loop,18,yes,jp-東日本旅客鉄道-奥羽線,1,485.052,101,508.129,467.061,101,105,101,101,0,0,WARNING,sharp_artificial_turn,"横堀–及位 skips 院内 over the same track — service edge, not a second alignment | 2 interval(s) differ from the audited distance: [('秋田', '四ツ小屋', 7.263, 6.143), ('笹木野', '福島', 3.637, 3.33)]",1,,484.5,101,https://ja.wikipedia.org/wiki/%E5%A5%A5%E7%BE%BD%E6%9C%AC%E7%B7%9A,ok,JR東 福島-青森484.5km、旅客駅101一致、貨物支線土崎-秋田港は非描画
東日本旅客鉄道␟小海線,東日本旅客鉄道,小海線,jr_conventional,ordinary_linear,20,yes,jp-東日本旅客鉄道-小海線,1,78.702,31,79.017,76.065,31,31,30,31,0,0,PASS,,,0,,78.9,31,https://ja.wikipedia.org/wiki/%E5%B0%8F%E6%B5%B7%E7%B7%9A,ok,
東日本旅客鉄道␟山手線,東日本旅客鉄道,山手線,jr_conventional,branch_rejoins,22,yes,jp-東日本旅客鉄道-山手線,1,20.609,17,23.545,17.865,17,20,17,17,0,0,PASS,,"新宿–原宿 skips 代々木 over the same track — service edge, not a second alignment",1,,20.6,17,https://ja.wikipedia.org/wiki/%E5%B1%B1%E6%89%8B%E7%B7%9A,ok,正式路線としての品川-新宿-田端20.6km/17駅と一致
東日本旅客鉄道␟山田線,東日本旅客鉄道,山田線,jr_conventional,ordinary_linear,19,yes,jp-東日本旅客鉄道-山田線,1,100.774,15,101.096,99.384,15,15,14,15,0,0,PASS,,,0,,102.1,15,https://ja.wikipedia.org/wiki/%E5%B1%B1%E7%94%B0%E7%B7%9A,ok,誤差1.3km(3%以内)、宮古以南のJR東区間のみ
東日本旅客鉄道␟川越線,東日本旅客鉄道,川越線,jr_conventional,ordinary_linear,21,yes,jp-東日本旅客鉄道-川越線,1,30.581,11,30.855,29.114,11,11,10,11,0,0,PASS,,,0,,30.6,11,https://ja.wikipedia.org/wiki/%E5%B7%9D%E8%B6%8A%E7%B7%9A,ok,
東日本旅客鉄道␟左沢線,東日本旅客鉄道,左沢線,jr_conventional,ordinary_linear,22,yes,jp-東日本旅客鉄道-左沢線,1,24.156,11,24.352,23.192,11,11,10,11,0,0,PASS,,,0,,24.3,11,https://ja.wikipedia.org/wiki/%E5%B7%A6%E6%B2%A2%E7%B7%9A,ok,
東日本旅客鉄道␟常磐線,東日本旅客鉄道,常磐線,jr_conventional,disconnected,18,yes,jp-東日本旅客鉄道-常磐線|jp-東日本旅客鉄道-常磐線-2,2,340.548,80,356.01,329.733,80,81,79,80,0,0,WARNING,uncovered_corridor,"北柏–天王台 skips 我孫子 over the same track — service edge, not a second alignment; 2 disconnected piece(s) drawn as separate display lines",1,,343.7,80,https://ja.wikipedia.org/wiki/%E5%B8%B8%E7%A3%90%E7%B7%9A,ok,駅数一致だが広野-Jヴィレッジ間に約3.3kmの幾何ギャップあり(2部分が非連結)
東日本旅客鉄道␟弥彦線,東日本旅客鉄道,弥彦線,jr_conventional,ordinary_linear,22,yes,jp-東日本旅客鉄道-弥彦線,1,17.348,8,17.588,16.208,8,8,7,8,0,0,PASS,,,0,,17.4,8,https://ja.wikipedia.org/wiki/%E5%BC%A5%E5%BD%A6%E7%B7%9A,ok,
東日本旅客鉄道␟成田線,東日本旅客鉄道,成田線,jr_conventional,branched_terminal,19,yes,jp-東日本旅客鉄道-成田線|jp-東日本旅客鉄道-成田線-2|jp-東日本旅客鉄道-成田線-3|jp-東日本旅客鉄道-成田線-4,4,156.301,33,117.638,110.969,27,27,29,31,2,0,ERROR,service_misclassified_as_independent_parallel,trunk plus 3 branch(es) split from the graph (3 rejoining route(s)),0,,119.1,27,https://ja.wikipedia.org/wiki/%E6%88%90%E7%94%B0%E7%B7%9A,mismatch_km,下総松崎-久住の重複部分2本(26.4+12.1km)が余分、これを除くと117.7kmで公式と一致、独立駅数27は一致
東日本旅客鉄道␟日光線,東日本旅客鉄道,日光線,jr_conventional,ordinary_linear,21,yes,jp-東日本旅客鉄道-日光線,1,40.584,7,41.129,39.539,7,7,6,7,0,0,PASS,,,0,,40.5,7,https://ja.wikipedia.org/wiki/%E6%97%A5%E5%85%89%E7%B7%9A,ok,
東日本旅客鉄道␟東北新幹線,東日本旅客鉄道,東北新幹線,shinkansen,ordinary_linear,16,yes,jp-東日本旅客鉄道-東北新幹線,1,675.422,23,675.75,667.796,23,23,22,23,0,0,PASS,,,0,,674.9,23,https://ja.wikipedia.org/wiki/%E6%9D%B1%E5%8C%97%E6%96%B0%E5%B9%B9%E7%B7%9A,ok,実キロ674.9(営業キロ713.7は在来線換算の運賃キロ)、駅数一致
東日本旅客鉄道␟東北線,東日本旅客鉄道,東北線,jr_conventional,disconnected,18,yes,jp-東日本旅客鉄道-東北線|jp-東日本旅客鉄道-東北線-2|jp-東日本旅客鉄道-東北線-3|jp-東日本旅客鉄道-東北線-4|jp-東日本旅客鉄道-東北線-5|jp-東日本旅客鉄道-東北線-6|jp-東日本旅客鉄道-東北線-7|jp-東日本旅客鉄道-東北線-8,8,587.57,160,605.976,543.49,145,155,158,159,1,0,ERROR,service_misclassified_as_independent_parallel,"新利府–陸前山王 skips 岩切 over the same track — service edge, not a second alignment; 栗橋–久喜 skips 東鷲宮 over the same track — service edge, not a second alignment; 浦和–蕨 skips 南浦和 over the same track — service edge, not a second alignment; 東十条–鶯谷 skips 日暮里 over the same track — service edge, not a second alignment; 王子–鶯谷 skips 日暮里 over the same track — service edge, not a second alignment; 尾久–鶯谷 skips 日暮里 over the same track — service edge, not a second alignment; trunk plus 8 branch(es) split from the graph (9 rejoining route(s)) | 1 station(s) carry no adjacency and are not drawn | 1 interval(s) differ from the audited distance: [('大宮', '土呂', 4.204, 2.751)] | 1 interval(s) differ from the audited distance: [('王子', '日暮里', 4.626, 6.282)] | anchors re-chosen against the audited distances — several tracks share this line's N02 key | 1 interval(s) differ from the audited distance: [('日暮里', '西日暮里', 1.165, 0.448)] | anchors re-chosen against the audited distances — several tracks share this line's N02 key",6,,572.0,145,https://ja.wikipedia.org/wiki/%E6%9D%B1%E5%8C%97%E6%9C%AC%E7%B7%9A,ok,独立駅数145が公式旅客駅数と一致、ただし電車線の重複部分(神田-田端等 計約23km)を含み総延長が15.6km過大
東日本旅客鉄道␟東海道線,東日本旅客鉄道,東海道線,jr_conventional,complex_multicycle,18,yes,jp-東日本旅客鉄道-東海道線|jp-東日本旅客鉄道-東海道線-2|jp-東日本旅客鉄道-東海道線-3|jp-東日本旅客鉄道-東海道線-4|jp-東日本旅客鉄道-東海道線-5|jp-東日本旅客鉄道-東海道線-6|jp-東日本旅客鉄道-東海道線-7,7,157.205,48,167.288,146.611,37,46,44,47,1,0,ERROR,service_misclassified_as_independent_parallel; sharp_artificial_turn; sharp_artificial_turn,"田町–品川 skips 高輪ゲートウェイ over the same track — service edge, not a second alignment; 新子安–横浜 skips 東神奈川 over the same track — service edge, not a second alignment; 保土ヶ谷–戸塚 skips 東戸塚 over the same track — service edge, not a second alignment; trunk plus 4 branch(es) split from the graph (5 rejoining route(s)) | anchors re-chosen against the audited distances — several tracks share this line's N02 key",3,,171.9,37,https://ja.wikipedia.org/wiki/%E6%9D%B1%E6%B5%B7%E9%81%93%E6%9C%AC%E7%B7%9A,mismatch_km,JR東第一種171.9kmに対し貨物支線(東京タ支線19.5/鶴塩線2.3/高島線8.5)未描画、東京-新橋1.9kmは2重描画、独立駅数37は一致
東日本旅客鉄道␟東金線,東日本旅客鉄道,東金線,jr_conventional,ordinary_linear,22,yes,jp-東日本旅客鉄道-東金線,1,14.393,5,14.854,13.91,5,5,4,5,0,0,PASS,,,0,,13.8,5,https://ja.wikipedia.org/wiki/%E6%9D%B1%E9%87%91%E7%B7%9A,ok,
東日本旅客鉄道␟根岸線,東日本旅客鉄道,根岸線,jr_conventional,ordinary_linear,22,yes,jp-東日本旅客鉄道-根岸線,1,21.854,12,22.169,19.581,12,12,11,12,0,0,PASS,,,0,,22.1,12,https://ja.wikipedia.org/wiki/%E6%A0%B9%E5%B2%B8%E7%B7%9A,ok,
東日本旅客鉄道␟横浜線,東日本旅客鉄道,横浜線,jr_conventional,ordinary_linear,21,yes,jp-東日本旅客鉄道-横浜線,1,42.299,20,44.012,39.068,20,20,19,20,0,0,PASS,,,0,,42.6,20,https://ja.wikipedia.org/wiki/%E6%A8%AA%E6%B5%9C%E7%B7%9A,ok,
東日本旅客鉄道␟横須賀線,東日本旅客鉄道,横須賀線,jr_conventional,ordinary_linear,22,yes,jp-東日本旅客鉄道-横須賀線,1,24.031,9,25.675,22.391,9,9,8,9,0,0,PASS,,,0,,23.9,9,https://ja.wikipedia.org/wiki/%E6%A8%AA%E9%A0%88%E8%B3%80%E7%B7%9A,ok,
東日本旅客鉄道␟武蔵野線,東日本旅客鉄道,武蔵野線,jr_conventional,disconnected,20,yes,jp-東日本旅客鉄道-武蔵野線,1,71.88,26,77.349,72.843,27,27,25,26,0,0,PASS,,1 station(s) carry no adjacency and are not drawn,0,,71.8,26,https://ja.wikipedia.org/wiki/%E6%AD%A6%E8%94%B5%E9%87%8E%E7%B7%9A,ok,旅客区間 府中本町-西船橋71.8km/旅客駅26と一致、貨物専用の鶴見-府中本町は非描画
東日本旅客鉄道␟気仙沼線,東日本旅客鉄道,気仙沼線,jr_conventional,ordinary_linear,22,yes,jp-東日本旅客鉄道-気仙沼線,1,17.485,6,17.632,16.786,6,6,5,6,0,0,PASS,,,0,,17.5,6,https://ja.wikipedia.org/wiki/%E6%B0%97%E4%BB%99%E6%B2%BC%E7%B7%9A,ok,鉄道存続区間 前谷地-柳津のみ、BRT区間は対象外
東日本旅客鉄道␟水戸線,東日本旅客鉄道,水戸線,jr_conventional,ordinary_linear,20,yes,jp-東日本旅客鉄道-水戸線,1,50.12,16,50.368,47.581,16,16,15,16,0,0,PASS,,,0,,50.2,16,https://ja.wikipedia.org/wiki/%E6%B0%B4%E6%88%B8%E7%B7%9A,ok,
東日本旅客鉄道␟水郡線,東日本旅客鉄道,水郡線,jr_conventional,branched_terminal,18,yes,jp-東日本旅客鉄道-水郡線|jp-東日本旅客鉄道-水郡線-2,2,147.019,46,146.923,141.935,45,45,45,46,0,0,PASS,,1 audited branch part(s) drawn as sibling display line(s),0,,147.0,45,https://ja.wikipedia.org/wiki/%E6%B0%B4%E9%83%A1%E7%B7%9A,ok,本線137.5+常陸太田支線9.5、上菅谷が2部分で重複計上
東日本旅客鉄道␟津軽線,東日本旅客鉄道,津軽線,jr_conventional,ordinary_linear,20,yes,jp-東日本旅客鉄道-津軽線,1,55.788,18,56.158,54.07,18,18,17,18,0,0,PASS,,,0,,55.8,18,https://ja.wikipedia.org/wiki/%E6%B4%A5%E8%BB%BD%E7%B7%9A,ok,
東日本旅客鉄道␟烏山線,東日本旅客鉄道,烏山線,jr_conventional,ordinary_linear,22,yes,jp-東日本旅客鉄道-烏山線,1,20.219,8,20.392,19.591,8,8,7,8,0,0,PASS,,,0,,20.4,8,https://ja.wikipedia.org/wiki/%E7%83%8F%E5%B1%B1%E7%B7%9A,ok,
東日本旅客鉄道␟田沢湖線,東日本旅客鉄道,田沢湖線,jr_conventional,ordinary_linear,20,yes,jp-東日本旅客鉄道-田沢湖線,1,75.472,18,75.744,73.368,18,18,17,18,0,0,PASS,,,0,,75.6,18,https://ja.wikipedia.org/wiki/%E7%94%B0%E6%B2%A2%E6%B9%96%E7%B7%9A,ok,
東日本旅客鉄道␟男鹿線,東日本旅客鉄道,男鹿線,jr_conventional,ordinary_linear,21,yes,jp-東日本旅客鉄道-男鹿線,1,26.241,9,26.456,24.788,9,9,8,9,0,0,PASS,,,0,,26.4,9,https://ja.wikipedia.org/wiki/%E7%94%B7%E9%B9%BF%E7%B7%9A,ok,
東日本旅客鉄道␟白新線,東日本旅客鉄道,白新線,jr_conventional,complex_multicycle,21,yes,jp-東日本旅客鉄道-白新線|jp-東日本旅客鉄道-白新線-2,2,34.163,12,32.573,30.807,10,10,10,12,0,0,PASS,,trunk plus 1 branch(es) split from the graph (1 rejoining route(s)),0,,27.3,10,https://ja.wikipedia.org/wiki/%E7%99%BD%E6%96%B0%E7%B7%9A,mismatch_km,新潟-東新潟-大形を重複描画する余分な部分6.9kmあり、これを除くと27.2kmで公式と一致、独立駅数10は一致
東日本旅客鉄道␟相模線,東日本旅客鉄道,相模線,jr_conventional,ordinary_linear,21,yes,jp-東日本旅客鉄道-相模線,1,33.205,18,33.406,31.607,18,18,17,18,0,0,PASS,,,0,,33.3,18,https://ja.wikipedia.org/wiki/相模線,ok,
東日本旅客鉄道␟石巻線,東日本旅客鉄道,石巻線,jr_conventional,ordinary_linear,21,yes,jp-東日本旅客鉄道-石巻線,1,44.739,14,44.885,43.305,14,14,13,14,0,0,PASS,,,0,,44.7,14,https://ja.wikipedia.org/wiki/石巻線,ok,
東日本旅客鉄道␟磐越東線,東日本旅客鉄道,磐越東線,jr_conventional,ordinary_linear,19,yes,jp-東日本旅客鉄道-磐越東線,1,85.555,16,85.846,83.265,16,16,15,16,0,0,PASS,,,0,,85.6,16,https://ja.wikipedia.org/wiki/磐越東線,ok,
東日本旅客鉄道␟磐越西線,東日本旅客鉄道,磐越西線,jr_conventional,ordinary_linear,18,yes,jp-東日本旅客鉄道-磐越西線,1,175.581,43,174.965,168.838,43,43,42,42,1,0,PASS,,,0,,175.6,43,https://ja.wikipedia.org/wiki/磐越西線,ok,
東日本旅客鉄道␟篠ノ井線,東日本旅客鉄道,篠ノ井線,jr_conventional,ordinary_linear,20,yes,jp-東日本旅客鉄道-篠ノ井線,1,66.335,15,66.47,63.294,15,15,14,15,0,0,WARNING,sharp_artificial_turn,,0,,66.7,15,https://ja.wikipedia.org/wiki/篠ノ井線,ok,
東日本旅客鉄道␟米坂線,東日本旅客鉄道,米坂線,jr_conventional,ordinary_linear,19,yes,jp-東日本旅客鉄道-米坂線,1,90.844,20,91.635,89.077,20,20,19,20,0,0,PASS,,,0,,90.7,20,https://ja.wikipedia.org/wiki/米坂線,ok,
東日本旅客鉄道␟総武線,東日本旅客鉄道,総武線,jr_conventional,branched_terminal,18,yes,jp-東日本旅客鉄道-総武線|jp-東日本旅客鉄道-総武線-2,2,124.383,47,127.643,116.854,46,48,47,47,0,0,PASS,,"津田沼–幕張 skips 幕張本郷 over the same track — service edge, not a second alignment; 1 audited branch part(s) drawn as sibling display line(s)",1,,124.8,46,https://ja.wikipedia.org/wiki/総武本線,ok,official = 120.5 (東京-銚子) + 4.3 (錦糸町-御茶ノ水) passenger sections; 旅客駅46 excludes 金町/越中島貨物
東日本旅客鉄道␟羽越線,東日本旅客鉄道,羽越線,jr_conventional,ordinary_linear,18,yes,jp-東日本旅客鉄道-羽越線,1,269.429,60,290.365,258.085,60,60,59,60,0,0,PASS,,,0,,271.7,60,https://ja.wikipedia.org/wiki/羽越本線,ok,60 passenger stations (infobox 61 includes 1 freight-only)
東日本旅客鉄道␟花輪線,東日本旅客鉄道,花輪線,jr_conventional,ordinary_linear,19,yes,jp-東日本旅客鉄道-花輪線,1,106.999,27,107.243,104.123,27,27,26,26,1,0,PASS,,,0,,106.9,27,https://ja.wikipedia.org/wiki/花輪線,ok,
東日本旅客鉄道␟赤羽線,東日本旅客鉄道,赤羽線,jr_conventional,ordinary_linear,22,yes,jp-東日本旅客鉄道-赤羽線,1,5.51,4,6.105,5.216,4,4,3,4,0,0,PASS,,,0,,5.5,4,https://ja.wikipedia.org/wiki/赤羽線,ok,
東日本旅客鉄道␟越後線,東日本旅客鉄道,越後線,jr_conventional,branched_terminal,19,yes,jp-東日本旅客鉄道-越後線,1,83.73,33,84.166,78.57,33,33,32,33,0,0,PASS,,,0,,83.8,33,https://ja.wikipedia.org/wiki/越後線,ok,
東日本旅客鉄道␟釜石線,東日本旅客鉄道,釜石線,jr_conventional,ordinary_linear,19,yes,jp-東日本旅客鉄道-釜石線,1,89.968,24,90.179,87.508,24,24,23,24,0,0,PASS,,,0,,90.2,24,https://ja.wikipedia.org/wiki/釜石線,ok,
東日本旅客鉄道␟陸羽東線,東日本旅客鉄道,陸羽東線,jr_conventional,ordinary_linear,19,yes,jp-東日本旅客鉄道-陸羽東線,1,94.121,27,94.373,90.806,27,27,26,27,0,0,PASS,,,0,,94.1,27,https://ja.wikipedia.org/wiki/陸羽東線,ok,
東日本旅客鉄道␟陸羽西線,東日本旅客鉄道,陸羽西線,jr_conventional,ordinary_linear,21,yes,jp-東日本旅客鉄道-陸羽西線,1,43.046,10,43.321,41.877,10,10,9,10,0,0,PASS,,,0,,43.0,10,https://ja.wikipedia.org/wiki/陸羽西線,ok,
東日本旅客鉄道␟青梅線,東日本旅客鉄道,青梅線,jr_conventional,ordinary_linear,21,yes,jp-東日本旅客鉄道-青梅線,1,37.185,25,39.325,33.755,25,26,24,25,0,0,PASS,,"1 interval(s) differ from the audited distance: [('西立川', '立川', 2.137, 1.72)]",0,,37.2,25,https://ja.wikipedia.org/wiki/青梅線,ok,
東日本旅客鉄道␟飯山線,東日本旅客鉄道,飯山線,jr_conventional,ordinary_linear,19,yes,jp-東日本旅客鉄道-飯山線,1,96.75,31,96.997,94.073,31,31,30,31,0,0,PASS,,,0,,96.7,31,https://ja.wikipedia.org/wiki/飯山線,ok,
東日本旅客鉄道␟高崎線,東日本旅客鉄道,高崎線,jr_conventional,ordinary_linear,19,yes,jp-東日本旅客鉄道-高崎線,1,74.806,19,79.951,69.13,19,19,18,19,0,0,PASS,,,0,,74.7,19,https://ja.wikipedia.org/wiki/高崎線,ok,
東日本旅客鉄道␟鶴見線,東日本旅客鉄道,鶴見線,jr_conventional,branched_terminal,22,yes,jp-東日本旅客鉄道-鶴見線|jp-東日本旅客鉄道-鶴見線-2|jp-東日本旅客鉄道-鶴見線-3,3,9.603,15,9.569,8.457,13,14,13,15,0,0,PASS,,"安善–大川 skips 武蔵白石 over the same track — service edge, not a second alignment; trunk plus 2 branch(es) split from the graph | 1 interval(s) differ from the audited distance: [('浅野', '新芝浦', 0.895, 0.656)]",1,,9.7,13,https://ja.wikipedia.org/wiki/鶴見線,ok,drawn 15 = 13 unique + 2 junction repeats across 3 parts
東日本旅客鉄道␟鹿島線,東日本旅客鉄道,鹿島線,jr_conventional,ordinary_linear,22,yes,jp-東日本旅客鉄道-鹿島線,1,17.366,6,17.52,16.538,6,6,5,6,0,0,PASS,,,0,,17.4,6,https://ja.wikipedia.org/wiki/鹿島線,ok,
東武鉄道␟亀戸線,東武鉄道,亀戸線,private,ordinary_linear,35,yes,jp-東武鉄道-亀戸線,1,3.517,5,3.679,3.133,5,5,4,5,0,0,PASS,,,0,,3.4,5,https://ja.wikipedia.org/wiki/東武亀戸線,ok,
東武鉄道␟伊勢崎線,東武鉄道,伊勢崎線,private,branched_terminal,35,yes,jp-東武鉄道-伊勢崎線,1,114.661,54,115.415,106.24,55,55,53,54,0,0,PASS,,1 station(s) carry no adjacency and are not drawn,0,,114.5,55,https://ja.wikipedia.org/wiki/東武伊勢崎線,mismatch_stations,"drawn 54 vs official 55 on a single part, so one station is missing from the drawn line"
東武鉄道␟佐野線,東武鉄道,佐野線,private,ordinary_linear,35,yes,jp-東武鉄道-佐野線,1,22.07,10,22.222,21.02,10,10,9,10,0,0,PASS,,,0,,22.1,10,https://ja.wikipedia.org/wiki/東武佐野線,ok,
東武鉄道␟大師線,東武鉄道,大師線,private,ordinary_linear,35,yes,jp-東武鉄道-大師線,1,0.896,2,1.016,0.774,2,2,1,2,0,0,PASS,,,0,,1.0,2,https://ja.wikipedia.org/wiki/東武大師線,ok,
東武鉄道␟宇都宮線,東武鉄道,宇都宮線,private,ordinary_linear,35,yes,jp-東武鉄道-宇都宮線,1,24.216,11,24.311,23.062,11,11,10,11,0,0,PASS,,,0,,24.3,11,https://ja.wikipedia.org/wiki/東武宇都宮線,ok,
東武鉄道␟小泉線,東武鉄道,小泉線,private,branched_terminal,35,yes,jp-東武鉄道-小泉線|jp-東武鉄道-小泉線-2,2,18.084,10,18.099,16.878,9,9,9,10,0,0,PASS,,1 audited branch part(s) drawn as sibling display line(s),0,,18.4,9,https://ja.wikipedia.org/wiki/東武小泉線,ok,official = 12.0 (館林-西小泉) + 6.4 (太田-東小泉); drawn 10 = 9 unique + 1 junction repeat
東武鉄道␟日光線,東武鉄道,日光線,private,ordinary_linear,35,yes,jp-東武鉄道-日光線,1,94.634,26,94.926,90.702,26,27,25,26,0,0,PASS,,,0,,94.5,26,https://ja.wikipedia.org/wiki/東武日光線,ok,
東武鉄道␟東上本線,東武鉄道,東上本線,private,branch_rejoins,35,yes,jp-東武鉄道-東上本線,1,75.055,39,76.459,69.03,39,39,39,39,0,0,PASS,,"柳瀬川–朝霞台 skips 志木 over the same track — service edge, not a second alignment",1,,75.0,39,https://ja.wikipedia.org/wiki/東武東上本線,ok,
東武鉄道␟桐生線,東武鉄道,桐生線,private,ordinary_linear,35,yes,jp-東武鉄道-桐生線,1,20.393,8,20.539,19.454,8,8,7,8,0,0,PASS,,,0,,20.3,8,https://ja.wikipedia.org/wiki/東武桐生線,ok,
東武鉄道␟越生線,東武鉄道,越生線,private,ordinary_linear,35,yes,jp-東武鉄道-越生線,1,11.037,8,11.325,10.514,8,8,7,8,0,0,PASS,,,0,,10.9,8,https://ja.wikipedia.org/wiki/東武越生線,ok,
東武鉄道␟野田線,東武鉄道,野田線,private,branched_terminal,35,yes,jp-東武鉄道-野田線|jp-東武鉄道-野田線-2,2,67.786,37,62.436,58.343,35,35,35,36,1,0,WARNING,sharp_artificial_turn,trunk plus 1 branch(es) split from the graph (1 rejoining route(s)),0,,62.7,35,https://ja.wikipedia.org/wiki/東武野田線,mismatch_km,"drawn 67.786 vs official 62.7 (+5.1 km, +8.1%); station count matches (audit unique 35)"
東武鉄道␟鬼怒川線,東武鉄道,鬼怒川線,private,ordinary_linear,35,yes,jp-東武鉄道-鬼怒川線,1,16.238,9,16.388,15.347,9,9,8,9,0,0,PASS,,,0,,16.2,9,https://ja.wikipedia.org/wiki/東武鬼怒川線,ok,
東海旅客鉄道␟中央線,東海旅客鉄道,中央線,jr_conventional,ordinary_linear,29,yes,jp-東海旅客鉄道-中央線,1,172.807,40,199.902,163.987,40,40,39,40,0,0,PASS,,,0,,174.8,40,https://ja.wikipedia.org/wiki/中央本線,ok,"JR東海 section 塩尻-名古屋 174.8 km, 39駅 excluding 塩尻 so 40 with both termini"
東海旅客鉄道␟参宮線,東海旅客鉄道,参宮線,jr_conventional,ordinary_linear,29,yes,jp-東海旅客鉄道-参宮線,1,29.022,10,29.266,27.916,10,10,9,10,0,0,PASS,,,0,,29.1,10,https://ja.wikipedia.org/wiki/参宮線,ok,
東海旅客鉄道␟名松線,東海旅客鉄道,名松線,jr_conventional,ordinary_linear,29,yes,jp-東海旅客鉄道-名松線,1,43.559,15,43.694,42.378,15,15,14,15,0,0,PASS,,,0,,43.5,15,https://ja.wikipedia.org/wiki/名松線,ok,
東海旅客鉄道␟太多線,東海旅客鉄道,太多線,jr_conventional,ordinary_linear,29,yes,jp-東海旅客鉄道-太多線,1,17.699,8,17.99,16.833,8,8,7,8,0,0,PASS,,,0,,17.8,8,https://ja.wikipedia.org/wiki/太多線,ok,
東海旅客鉄道␟御殿場線,東海旅客鉄道,御殿場線,jr_conventional,complex_loop,29,yes,jp-東海旅客鉄道-御殿場線,1,60.397,19,62.022,57.574,19,20,18,19,0,0,PASS,,,0,,60.2,19,https://ja.wikipedia.org/wiki/御殿場線,ok,
東海旅客鉄道␟東海道新幹線,東海旅客鉄道,東海道新幹線,shinkansen,branched_terminal,16,yes,jp-東海旅客鉄道-東海道新幹線,1,515.155,17,518.285,510.777,17,18,16,17,0,0,WARNING,uncovered_corridor,,0,,515.4,17,https://ja.wikipedia.org/wiki/東海道新幹線,ok,"compared against 実キロ 515.4 km; the 営業キロ 552.6 km is the parallel 東海道本線 fare distance, not a physical length"
東海旅客鉄道␟東海道線,東海旅客鉄道,東海道線,jr_conventional,complex_multicycle,29,yes,jp-東海旅客鉄道-東海道線|jp-東海旅客鉄道-東海道線-2,2,338.644,86,371.255,340.231,86,89,88,86,0,0,WARNING,sharp_artificial_turn; uncovered_corridor,"垂井–大垣 skips 荒尾 over the same track — service edge, not a second alignment; 大垣–関ヶ原 skips 荒尾 over the same track — service edge, not a second alignment; 1 audited branch part(s) drawn as sibling display line(s); 3 part(s) too short to draw | 1 interval(s) differ from the audited distance: [('尾頭橋', '名古屋', 3.596, 2.583)]",2,,346.3,86,https://ja.wikipedia.org/wiki/東海道本線,ok,JR東海 341.3 (熱海-米原) + 5.0 (大垣-美濃赤坂); 84駅 excluding 熱海/米原 so 86 with both; 13.8 km 新垂井線 excluded
東海旅客鉄道␟武豊線,東海旅客鉄道,武豊線,jr_conventional,branch_rejoins,29,yes,jp-東海旅客鉄道-武豊線,1,19.464,10,20.68,19.373,10,10,9,10,0,0,PASS,,,0,,19.3,10,https://ja.wikipedia.org/wiki/武豊線,ok,
東海旅客鉄道␟紀勢線,東海旅客鉄道,紀勢線,jr_conventional,branch_rejoins,29,yes,jp-東海旅客鉄道-紀勢線,1,180.551,41,181.244,174.863,41,41,41,40,1,0,PASS,,"梅ヶ谷–三野瀬 skips 紀伊長島 over the same track — service edge, not a second alignment",1,,180.2,41,https://ja.wikipedia.org/wiki/紀勢本線,ok,"JR東海 section 亀山-新宮, 40駅 excluding 新宮 so 41 with both termini"
東海旅客鉄道␟身延線,東海旅客鉄道,身延線,jr_conventional,ordinary_linear,29,yes,jp-東海旅客鉄道-身延線,1,88.46,39,89.941,84.883,39,39,38,39,0,0,PASS,,,0,,88.4,39,https://ja.wikipedia.org/wiki/身延線,ok,
東海旅客鉄道␟関西線,東海旅客鉄道,関西線,jr_conventional,complex_multicycle,29,yes,jp-東海旅客鉄道-関西線,1,61.273,18,62.624,58.278,18,19,17,18,0,0,PASS,,"1 interval(s) differ from the audited distance: [('河原田', '河曲', 4.526, 3.23)]",0,,59.9,18,https://ja.wikipedia.org/wiki/関西本線,ok,JR東海 section 名古屋-亀山
東海旅客鉄道␟飯田線,東海旅客鉄道,飯田線,jr_conventional,branch_rejoins,29,yes,jp-東海旅客鉄道-飯田線,1,195.713,94,197.288,188.407,94,94,93,94,0,0,PASS,,,0,,195.7,94,https://ja.wikipedia.org/wiki/飯田線,ok,
東海旅客鉄道␟高山線,東海旅客鉄道,高山線,jr_conventional,branched_terminal,29,yes,jp-東海旅客鉄道-高山線,1,189.408,36,190.643,184.754,36,36,35,36,0,0,PASS,,,0,,189.2,36,https://ja.wikipedia.org/wiki/高山本線,ok,"JR東海 section 岐阜-猪谷, 35駅 excluding 猪谷 so 36 with both termini"
東葉高速鉄道␟東葉高速線,東葉高速鉄道,東葉高速線,third_sector,ordinary_linear,56,yes,jp-東葉高速鉄道-東葉高速線,1,16.247,9,16.48,14.632,9,9,8,9,0,0,PASS,,,0,,16.2,9,https://ja.wikipedia.org/wiki/東葉高速線,ok,
松浦鉄道␟西九州線,松浦鉄道,西九州線,third_sector,branched_terminal,54,yes,jp-松浦鉄道-西九州線|jp-松浦鉄道-西九州線-2,2,97.359,59,93.667,88.807,57,57,57,58,1,0,PASS,,trunk plus 1 branch(es) split from the graph (1 rejoining route(s)),0,,93.8,57,https://ja.wikipedia.org/wiki/松浦鉄道西九州線,mismatch_km,"drawn 97.359 vs official 93.8 (+3.6 km, +3.8%); station count matches (audit unique 57)"
横浜シーサイドライン␟金沢シーサイドライン,横浜シーサイドライン,金沢シーサイドライン,agt,ordinary_linear,63,yes,jp-横浜シーサイドライン-金沢シーサイドライン,1,10.791,14,10.871,9.795,14,14,13,14,0,0,PASS,,,0,,10.8,14,https://ja.wikipedia.org/wiki/金沢シーサイドライン,ok,
横浜市␟1号線,横浜市,1号線,subway,ordinary_linear,33,yes,jp-横浜市-1号線,1,19.967,17,20.12,17.795,17,17,16,17,0,0,PASS,,,0,,19.7,17,https://ja.wikipedia.org/wiki/横浜市営地下鉄ブルーライン,ok,1号線 関内-湘南台 section of the Blue Line
横浜市␟3号線,横浜市,3号線,subway,ordinary_linear,33,yes,jp-横浜市-3号線,1,20.59,16,21.277,18.592,16,16,15,16,0,0,PASS,,,0,,20.7,16,https://ja.wikipedia.org/wiki/横浜市営地下鉄ブルーライン,ok,3号線 関内-あざみ野 section of the Blue Line
横浜市␟4号線,横浜市,4号線,subway,ordinary_linear,33,yes,jp-横浜市-4号線,1,13.017,10,13.102,11.893,10,10,9,10,0,0,PASS,,,0,,13.0,10,https://ja.wikipedia.org/wiki/横浜市営地下鉄グリーンライン,ok,
横浜高速鉄道␟みなとみらい21線,横浜高速鉄道,みなとみらい21線,third_sector,ordinary_linear,57,yes,jp-横浜高速鉄道-みなとみらい21線,1,4.198,6,4.37,3.242,6,6,5,6,0,0,PASS,,,0,,4.1,6,https://ja.wikipedia.org/wiki/横浜高速鉄道みなとみらい21線,ok,infobox 4.1km/6駅
樽見鉄道␟樽見線,樽見鉄道,樽見線,third_sector,ordinary_linear,55,yes,jp-樽見鉄道-樽見線,1,34.7,19,35.204,33.422,19,19,18,19,0,0,PASS,,,0,,34.5,19,https://ja.wikipedia.org/wiki/樽見線,ok,infobox 34.5km/19駅
比叡山鉄道␟比叡山鉄道線,比叡山鉄道,比叡山鉄道線,funicular,ordinary_linear,64,yes,jp-比叡山鉄道-比叡山鉄道線,1,1.95,4,1.999,1.822,4,4,3,4,0,0,PASS,,,0,,2.0,4,https://ja.wikipedia.org/wiki/比叡山鉄道比叡山鉄道線,ok,坂本ケーブル infobox 2.0km/4駅
水島臨海鉄道␟水島本線,水島臨海鉄道,水島本線,third_sector,ordinary_linear,57,yes,jp-水島臨海鉄道-水島本線,1,10.251,10,10.324,9.527,10,10,9,10,0,0,PASS,,,0,,11.2,11,https://ja.wikipedia.org/wiki/水島本線,ok,"official total includes freight-only 三菱自工前-倉敷貨物ターミナル tail and its station, not drawn"
水間鉄道␟水間線,水間鉄道,水間線,private,ordinary_linear,52,yes,jp-水間鉄道-水間線,1,5.519,10,5.589,4.838,10,10,9,10,0,0,PASS,,,0,,5.5,10,https://ja.wikipedia.org/wiki/水間線,ok,infobox 5.5km/10駅
江ノ島電鉄␟江ノ島電鉄線,江ノ島電鉄,江ノ島電鉄線,private,ordinary_linear,52,yes,jp-江ノ島電鉄-江ノ島電鉄線,1,9.863,15,9.941,9.105,15,15,14,15,0,0,PASS,,,0,,10.0,15,https://ja.wikipedia.org/wiki/江ノ島電鉄線,ok,infobox 10.0km/15駅
沖縄都市モノレール␟沖縄都市モノレール線,沖縄都市モノレール,沖縄都市モノレール線,monorail,ordinary_linear,63,yes,jp-沖縄都市モノレール-沖縄都市モノレール線,1,17.026,19,17.098,15.783,19,19,18,19,0,0,PASS,,,0,,17.0,19,https://ja.wikipedia.org/wiki/沖縄都市モノレール線,ok,infobox 17.0km/19駅
津軽鉄道␟津軽鉄道線,津軽鉄道,津軽鉄道線,private,ordinary_linear,51,yes,jp-津軽鉄道-津軽鉄道線,1,20.527,12,20.626,19.599,12,12,11,12,0,0,PASS,,,0,,20.7,12,https://ja.wikipedia.org/wiki/津軽鉄道線,ok,infobox 20.7km/12駅
流鉄␟流山線,流鉄,流山線,private,ordinary_linear,52,yes,jp-流鉄-流山線,1,5.533,6,5.635,5.123,6,6,5,6,0,0,PASS,,,0,,5.7,6,https://ja.wikipedia.org/wiki/流山線,ok,infobox 5.7km/6駅
湘南モノレール␟江の島線,湘南モノレール,江の島線,monorail,ordinary_linear,64,yes,jp-湘南モノレール-江の島線,1,6.562,8,6.656,6.095,8,8,7,8,0,0,PASS,,,0,,6.6,8,https://ja.wikipedia.org/wiki/湘南モノレール江の島線,ok,infobox 6.6km/8駅
熊本市␟上熊本線,熊本市,上熊本線,tram,ordinary_linear,58,yes,jp-熊本市-上熊本線,1,2.939,10,2.982,2.519,10,10,9,10,0,0,PASS,,,0,,2.9,10,https://ja.wikipedia.org/wiki/熊本市電上熊本線,ok,辛島町-上熊本 2.9km/10電停
熊本市␟健軍線,熊本市,健軍線,tram,ordinary_linear,58,yes,jp-熊本市-健軍線,1,3.062,9,3.106,2.683,9,9,8,9,0,0,PASS,,,0,,3.0,9,https://ja.wikipedia.org/wiki/熊本市電健軍線,ok,水前寺公園-健軍町 3.0km/9電停
熊本市␟幹線,熊本市,幹線,tram,ordinary_linear,58,yes,jp-熊本市-幹線,1,3.251,10,3.301,2.815,10,10,9,10,0,0,PASS,,,0,,3.3,10,https://ja.wikipedia.org/wiki/熊本市電幹線,ok,熊本駅前-水道町 3.3km/10電停
熊本市␟水前寺線,熊本市,水前寺線,tram,ordinary_linear,58,yes,jp-熊本市-水前寺線,1,2.323,7,2.369,2.022,7,7,6,7,0,0,PASS,,,0,,2.4,7,https://ja.wikipedia.org/wiki/熊本市電水前寺線,ok,水道町-水前寺公園 2.4km/7電停
熊本市␟田崎線,熊本市,田崎線,tram,ordinary_linear,58,yes,jp-熊本市-田崎線,1,0.609,3,0.657,0.509,3,3,2,3,0,0,PASS,,,0,,0.5,3,https://ja.wikipedia.org/wiki/熊本市電田崎線,ok,熊本駅前-田崎橋 0.5km/3電停; +0.109km within 1.0km floor
熊本電気鉄道␟菊池線,熊本電気鉄道,菊池線,private,ordinary_linear,50,yes,jp-熊本電気鉄道-菊池線,1,10.568,16,10.637,9.47,16,16,15,16,0,0,PASS,,,0,,10.6,16,https://ja.wikipedia.org/wiki/熊本電気鉄道菊池線,ok,infobox 10.6km/16駅
熊本電気鉄道␟藤崎線,熊本電気鉄道,藤崎線,private,ordinary_linear,50,yes,jp-熊本電気鉄道-藤崎線,1,2.335,3,2.414,2.177,3,3,2,3,0,0,PASS,,,0,,2.3,3,https://ja.wikipedia.org/wiki/熊本電気鉄道藤崎線,ok,infobox 2.3km/3駅
甘木鉄道␟甘木線,甘木鉄道,甘木線,third_sector,ordinary_linear,57,yes,jp-甘木鉄道-甘木線,1,13.689,11,13.883,12.768,11,11,10,11,0,0,PASS,,,0,,13.7,11,https://ja.wikipedia.org/wiki/甘木鉄道甘木線,ok,infobox 13.7km/11駅
由利高原鉄道␟鳥海山ろく線,由利高原鉄道,鳥海山ろく線,third_sector,ordinary_linear,56,yes,jp-由利高原鉄道-鳥海山ろく線,1,23.034,12,23.189,22.181,12,12,11,11,1,0,PASS,,,0,,23.0,12,https://ja.wikipedia.org/wiki/鳥海山ろく線,ok,infobox 23.0km/12駅
皿倉登山鉄道␟帆柱ケーブル線,皿倉登山鉄道,帆柱ケーブル線,funicular,ordinary_linear,65,yes,jp-皿倉登山鉄道-帆柱ケーブル線,1,1.098,2,1.165,1.036,2,2,1,2,0,0,PASS,,,0,,1.1,2,https://ja.wikipedia.org/wiki/皿倉登山鉄道帆柱ケーブル線,ok,山麓-山上 1.1km/2駅
相模鉄道␟相鉄いずみ野線,相模鉄道,相鉄いずみ野線,private,ordinary_linear,39,yes,jp-相模鉄道-相鉄いずみ野線,1,11.306,8,11.49,10.254,8,8,7,8,0,0,PASS,,,0,,11.3,8,https://ja.wikipedia.org/wiki/相鉄いずみ野線,ok,infobox 11.3km/8駅
相模鉄道␟相鉄新横浜線,相模鉄道,相鉄新横浜線,private,ordinary_linear,39,yes,jp-相模鉄道-相鉄新横浜線,1,6.239,3,6.452,5.804,3,3,2,3,0,0,PASS,,,0,,6.3,3,https://ja.wikipedia.org/wiki/相鉄新横浜線,ok,infobox 6.3km/3駅
相模鉄道␟相鉄本線,相模鉄道,相鉄本線,private,ordinary_linear,39,yes,jp-相模鉄道-相鉄本線,1,24.461,18,24.677,21.647,18,18,17,18,0,0,PASS,,,0,,24.6,18,https://ja.wikipedia.org/wiki/相鉄本線,ok,infobox 24.6km/18駅
真岡鐵道␟真岡線,真岡鐵道,真岡線,third_sector,ordinary_linear,55,yes,jp-真岡鐵道-真岡線,1,41.989,17,42.214,40.433,17,17,16,17,0,0,PASS,,,0,,41.9,17,https://ja.wikipedia.org/wiki/真岡線,ok,infobox 41.9km/17駅
神戸六甲鉄道␟六甲ケーブル線,神戸六甲鉄道,六甲ケーブル線,funicular,ordinary_linear,64,yes,jp-神戸六甲鉄道-六甲ケーブル線,1,1.674,2,1.721,1.627,2,2,1,2,0,0,PASS,,,0,,1.7,2,https://ja.wikipedia.org/wiki/六甲ケーブル,ok,路線データ 1.7km/2駅
神戸市␟北神線,神戸市,北神線,subway,ordinary_linear,33,yes,jp-神戸市-北神線,1,7.63,2,7.728,7.527,2,2,1,2,0,0,PASS,,,0,,7.5,2,https://ja.wikipedia.org/wiki/神戸市営地下鉄,ok,新神戸-谷上 7.5km/2駅
神戸市␟山手線,神戸市,山手線,subway,ordinary_linear,33,yes,jp-神戸市-山手線,1,7.573,8,7.64,7.075,8,8,7,8,0,0,PASS,,,0,,7.6,8,https://ja.wikipedia.org/wiki/神戸市営地下鉄,ok,新長田-新神戸 7.6km/8駅
神戸市␟海岸線,神戸市,海岸線,subway,ordinary_linear,33,yes,jp-神戸市-海岸線,1,7.936,10,8.045,6.748,10,10,9,10,0,0,PASS,,,0,,7.9,10,https://ja.wikipedia.org/wiki/神戸市営地下鉄,ok,新長田-三宮花時計前 7.9km/10駅
神戸市␟西神延伸線,神戸市,西神延伸線,subway,ordinary_linear,33,yes,jp-神戸市-西神延伸線,1,9.377,6,10.355,8.801,6,6,5,6,0,0,PASS,,,0,,9.4,6,https://ja.wikipedia.org/wiki/神戸市営地下鉄,ok,名谷-西神中央 9.4km/6駅
神戸市␟西神線,神戸市,西神線,subway,ordinary_linear,33,yes,jp-神戸市-西神線,1,5.74,4,5.848,5.487,4,4,3,4,0,0,PASS,,,0,,5.7,4,https://ja.wikipedia.org/wiki/神戸市営地下鉄,ok,名谷-新長田 5.7km/4駅
神戸新交通␟ポートアイランド線,神戸新交通,ポートアイランド線,agt,loop_with_tail,63,yes,jp-神戸新交通-ポートアイランド線|jp-神戸新交通-ポートアイランド線-2,2,10.155,13,10.648,9.818,12,12,11,13,0,0,PASS,,trunk plus 1 branch(es) split from the graph,0,,10.8,12,https://ja.wikipedia.org/wiki/ポートアイランド線,ok,8.2km本線+2.6km環状部; drawn +1 station is the shared junction across 2 parts
神戸新交通␟六甲アイランド線,神戸新交通,六甲アイランド線,agt,ordinary_linear,63,yes,jp-神戸新交通-六甲アイランド線,1,4.523,6,5.795,4.158,6,6,5,6,0,0,PASS,,,0,,4.5,6,https://ja.wikipedia.org/wiki/六甲アイランド線,ok,infobox 4.5km/6駅
神戸電鉄␟三田線,神戸電鉄,三田線,private,ordinary_linear,45,yes,jp-神戸電鉄-三田線,1,12.001,10,12.087,11.275,10,10,9,10,0,0,PASS,,,0,,12.0,10,https://ja.wikipedia.org/wiki/神戸電鉄三田線,ok,infobox 12.0km/10駅
神戸電鉄␟公園都市線,神戸電鉄,公園都市線,private,ordinary_linear,45,yes,jp-神戸電鉄-公園都市線,1,5.538,4,5.641,5.267,4,4,3,4,0,0,PASS,,,0,,5.5,4,https://ja.wikipedia.org/wiki/神戸電鉄公園都市線,ok,infobox 5.5km/4駅
神戸電鉄␟有馬線,神戸電鉄,有馬線,private,ordinary_linear,45,yes,jp-神戸電鉄-有馬線,1,22.486,15,22.567,21.192,15,15,14,15,0,0,PASS,,,0,,22.5,15,https://ja.wikipedia.org/wiki/神戸電鉄有馬線,ok,infobox 22.5km/15駅
神戸電鉄␟神戸高速線,神戸電鉄,神戸高速線,private,ordinary_linear,45,yes,jp-神戸電鉄-神戸高速線,1,0.395,2,0.479,0.31,2,2,1,2,0,0,PASS,,,0,,0.4,2,https://ja.wikipedia.org/wiki/神戸電鉄神戸高速線,ok,新開地-湊川 0.4km/2駅
神戸電鉄␟粟生線,神戸電鉄,粟生線,private,ordinary_linear,45,yes,jp-神戸電鉄-粟生線,1,29.089,20,29.163,27.676,20,20,19,20,0,0,PASS,,,0,,29.2,20,https://ja.wikipedia.org/wiki/神戸電鉄粟生線,ok,infobox 29.2km/20駅
福井鉄道␟福武線,福井鉄道,福武線,private,branched_terminal,51,yes,jp-福井鉄道-福武線|jp-福井鉄道-福武線-2,2,21.429,26,21.456,19.919,25,25,25,26,0,0,PASS,,"福井駅–足羽山公園口 skips 福井城址大名町 over the same track — service edge, not a second alignment; trunk plus 1 branch(es) split from the graph",1,,21.5,25,https://ja.wikipedia.org/wiki/福井鉄道福武線,ok,20.9km本線+0.6km福井駅支線; drawn +1 station is the shared junction across 2 parts
福岡市␟1号線(空港線),福岡市,1号線(空港線),subway,ordinary_linear,34,yes,jp-福岡市-1号線(空港線),1,13.049,13,13.193,11.884,13,13,12,13,0,0,PASS,,,0,,13.1,13,https://ja.wikipedia.org/wiki/福岡市地下鉄空港線,ok,infobox 13.1km/13駅
福岡市␟2号線(箱崎線),福岡市,2号線(箱崎線),subway,ordinary_linear,34,yes,jp-福岡市-2号線(箱崎線),1,4.798,7,4.984,4.239,7,7,6,7,0,0,PASS,,,0,,4.7,7,https://ja.wikipedia.org/wiki/福岡市地下鉄箱崎線,ok,infobox 4.7km/7駅
福岡市␟3号線(七隈線),福岡市,3号線(七隈線),subway,ordinary_linear,34,yes,jp-福岡市-3号線(七隈線),1,13.625,18,13.77,10.587,18,18,17,18,0,0,PASS,,,0,,13.6,18,https://ja.wikipedia.org/wiki/福岡市地下鉄七隈線,ok,infobox 13.6km/18駅 (post-2023 博多延伸)
福島交通␟飯坂線,福島交通,飯坂線,private,ordinary_linear,52,yes,jp-福島交通-飯坂線,1,9.321,12,9.462,8.498,12,12,11,12,0,0,PASS,,,0,,9.2,12,https://ja.wikipedia.org/wiki/福島交通飯坂線,ok,infobox 9.2km/12駅
秋田内陸縦貫鉄道␟秋田内陸線,秋田内陸縦貫鉄道,秋田内陸線,third_sector,ordinary_linear,54,yes,jp-秋田内陸縦貫鉄道-秋田内陸線,1,94.37,29,94.573,92.038,29,29,28,29,0,0,PASS,,,0,,94.2,29,https://ja.wikipedia.org/wiki/秋田内陸線,ok,infobox 94.2km/29駅
秩父鉄道␟秩父本線,秩父鉄道,秩父本線,private,ordinary_linear,50,yes,jp-秩父鉄道-秩父本線,1,71.848,37,71.943,68.427,37,37,36,37,0,0,PASS,,,0,,71.7,37,https://ja.wikipedia.org/wiki/秩父本線,ok,"infobox 71.7km; 39駅 incl freight, 旅客駅 37 which is what we draw"
立山黒部貫光␟鋼索線,立山黒部貫光,鋼索線,funicular,disconnected,64,yes,jp-立山黒部貫光-鋼索線|jp-立山黒部貫光-鋼索線-2,2,1.946,4,2.037,1.857,4,4,2,4,0,0,PASS,,2 disconnected piece(s) drawn as separate display lines,0,,2.128,4,https://ja.wikipedia.org/wiki/立山黒部貫光立山ケーブルカー,ok,two separate 鋼索線 summed: 立山1.3km/2駅 + 黒部0.828km/2駅
筑波観光鉄道␟筑波山鋼索鉄道線,筑波観光鉄道,筑波山鋼索鉄道線,funicular,ordinary_linear,64,yes,jp-筑波観光鉄道-筑波山鋼索鉄道線,1,1.488,2,1.556,1.424,2,2,1,2,0,0,PASS,,,0,,1.634,2,https://ja.wikipedia.org/wiki/筑波観光鉄道筑波山鋼索鉄道線,ok,infobox 1.634km/2駅
筑豊電気鉄道␟筑豊電気鉄道線,筑豊電気鉄道,筑豊電気鉄道線,private,ordinary_linear,51,yes,jp-筑豊電気鉄道-筑豊電気鉄道線,1,16.053,20,16.113,14.605,20,21,19,20,0,0,PASS,,,0,,16.0,20,https://ja.wikipedia.org/wiki/筑豊電気鉄道線,ok,infobox 16.0km/20駅 (西黒崎 abolished 2026-07-31)
紀州鉄道␟紀州鉄道線,紀州鉄道,紀州鉄道線,private,ordinary_linear,52,yes,jp-紀州鉄道-紀州鉄道線,1,2.702,5,2.822,2.342,5,5,4,5,0,0,PASS,,,0,,2.7,5,https://ja.wikipedia.org/wiki/紀州鉄道線,ok,infobox 2.7km/5駅
肥薩おれんじ鉄道␟肥薩おれんじ鉄道線,肥薩おれんじ鉄道,肥薩おれんじ鉄道線,third_sector,ordinary_linear,54,yes,jp-肥薩おれんじ鉄道-肥薩おれんじ鉄道線,1,116.914,28,117.158,113.016,28,28,27,28,0,0,PASS,,,0,,116.9,28,https://ja.wikipedia.org/wiki/肥薩おれんじ鉄道線,ok,infobox 116.9km/28駅
能勢電鉄␟妙見線,能勢電鉄,妙見線,private,ordinary_linear,47,yes,jp-能勢電鉄-妙見線,1,12.178,14,12.336,11.086,14,14,13,14,0,0,PASS,,,0,,12.2,14,https://ja.wikipedia.org/wiki/能勢電鉄妙見線,ok,川西能勢口-妙見口 12.2km/14駅; 日生線 is a separate line
能勢電鉄␟日生線,能勢電鉄,日生線,private,ordinary_linear,47,yes,jp-能勢電鉄-日生線,1,2.59,2,2.691,2.482,2,2,1,2,0,0,PASS,,,0,,2.6,2,https://ja.wikipedia.org/wiki/%E8%83%BD%E5%8B%A2%E9%9B%BB%E9%89%84%E6%97%A5%E7%94%9F%E7%B7%9A,ok,
舞浜リゾートライン␟ディズニーリゾートライン,舞浜リゾートライン,ディズニーリゾートライン,monorail,loop,64,yes,jp-舞浜リゾートライン-ディズニーリゾートライン,1,5.002,4,4.998,4.597,4,4,4,4,0,0,PASS,,,0,,5,4,https://ja.wikipedia.org/wiki/%E3%83%87%E3%82%A3%E3%82%BA%E3%83%8B%E3%83%BC%E3%83%AA%E3%82%BE%E3%83%BC%E3%83%88%E3%83%A9%E3%82%A4%E3%83%B3,ok,
芝山鉄道␟芝山鉄道線,芝山鉄道,芝山鉄道線,third_sector,ordinary_linear,57,yes,jp-芝山鉄道-芝山鉄道線,1,2.133,2,2.286,1.98,2,2,1,2,0,0,PASS,,,0,,2.2,2,https://ja.wikipedia.org/wiki/%E8%8A%9D%E5%B1%B1%E9%89%84%E9%81%93%E7%B7%9A,ok,営業キロ 2.2 (建設キロ 2.1)
若桜鉄道␟若桜線,若桜鉄道,若桜線,third_sector,ordinary_linear,56,yes,jp-若桜鉄道-若桜線,1,19.154,9,19.312,18.296,9,9,8,9,0,0,PASS,,,0,,19.2,9,https://ja.wikipedia.org/wiki/%E8%8B%A5%E6%A1%9C%E7%B7%9A,ok,
西日本旅客鉄道␟JR東西線,西日本旅客鉄道,JR東西線,jr_conventional,ordinary_linear,26,yes,jp-西日本旅客鉄道-JR東西線,1,12.366,9,12.539,10.896,9,9,8,9,0,0,PASS,,,0,,12.5,9,https://ja.wikipedia.org/wiki/JR%E6%9D%B1%E8%A5%BF%E7%B7%9A,ok,営業キロ 12.5 (建設キロ 13.4)
西日本旅客鉄道␟おおさか東線,西日本旅客鉄道,おおさか東線,jr_conventional,ordinary_linear,26,yes,jp-西日本旅客鉄道-おおさか東線,1,20.362,14,20.603,18.054,14,14,13,14,0,0,PASS,,,0,,20.2,14,https://ja.wikipedia.org/wiki/%E3%81%8A%E3%81%8A%E3%81%95%E3%81%8B%E6%9D%B1%E7%B7%9A,ok,
西日本旅客鉄道␟七尾線,西日本旅客鉄道,七尾線,jr_conventional,ordinary_linear,24,yes,jp-西日本旅客鉄道-七尾線,1,59.449,20,59.659,56.93,20,20,19,20,0,0,PASS,,,0,,59.5,20,https://ja.wikipedia.org/wiki/%E4%B8%83%E5%B0%BE%E7%B7%9A,ok,
西日本旅客鉄道␟伯備線,西日本旅客鉄道,伯備線,jr_conventional,branch_rejoins,23,yes,jp-西日本旅客鉄道-伯備線,1,136.847,28,146.779,135.497,28,28,27,28,0,0,PASS,,,0,,138.4,28,https://ja.wikipedia.org/wiki/%E4%BC%AF%E5%82%99%E7%B7%9A,ok,駅数28は貨物駅含む
西日本旅客鉄道␟加古川線,西日本旅客鉄道,加古川線,jr_conventional,ordinary_linear,24,yes,jp-西日本旅客鉄道-加古川線,1,48.544,21,48.709,46.767,21,21,20,21,0,0,PASS,,,0,,48.5,21,https://ja.wikipedia.org/wiki/%E5%8A%A0%E5%8F%A4%E5%B7%9D%E7%B7%9A,ok,
西日本旅客鉄道␟北陸新幹線,西日本旅客鉄道,北陸新幹線,shinkansen,ordinary_linear,16,yes,jp-西日本旅客鉄道-北陸新幹線,1,293.731,12,294.073,290.252,12,12,11,12,0,0,PASS,,,0,,293.7,12,https://ja.wikipedia.org/wiki/%E5%8C%97%E9%99%B8%E6%96%B0%E5%B9%B9%E7%B7%9A,ok,JR西日本区間 上越妙高-敦賀 (全長470.6のうち高崎起点176.9以西)
西日本旅客鉄道␟北陸線,西日本旅客鉄道,北陸線,jr_conventional,complex_multicycle,24,yes,jp-西日本旅客鉄道-北陸線,1,46.056,12,68.656,55.9,12,14,11,12,0,0,PASS,,"1 interval(s) differ from the audited distance: [('坂田', '米原', 2.547, 2.284)]",0,,45.9,12,https://ja.wikipedia.org/wiki/%E5%8C%97%E9%99%B8%E6%9C%AC%E7%B7%9A,ok,2024年以降のJR西区間 敦賀-米原
西日本旅客鉄道␟博多南線,西日本旅客鉄道,博多南線,jr_conventional,ordinary_linear,26,yes,jp-西日本旅客鉄道-博多南線,1,8.48,2,9.391,8.198,2,2,1,2,0,0,PASS,,,0,,8.5,2,https://ja.wikipedia.org/wiki/%E5%8D%9A%E5%A4%9A%E5%8D%97%E7%B7%9A,ok,
西日本旅客鉄道␟可部線,西日本旅客鉄道,可部線,jr_conventional,ordinary_linear,26,yes,jp-西日本旅客鉄道-可部線,1,15.676,14,15.785,14.455,14,14,13,14,0,0,PASS,,,0,,15.6,14,https://ja.wikipedia.org/wiki/%E5%8F%AF%E9%83%A8%E7%B7%9A,ok,
西日本旅客鉄道␟吉備線,西日本旅客鉄道,吉備線,jr_conventional,ordinary_linear,26,yes,jp-西日本旅客鉄道-吉備線,1,20.351,10,20.556,19.276,10,10,9,10,0,0,PASS,,,0,,20.4,10,https://ja.wikipedia.org/wiki/%E5%90%89%E5%82%99%E7%B7%9A,ok,
西日本旅客鉄道␟呉線,西日本旅客鉄道,呉線,jr_conventional,ordinary_linear,23,yes,jp-西日本旅客鉄道-呉線,1,86.842,28,87.619,81.796,28,28,27,28,0,0,PASS,,,0,,87,28,https://ja.wikipedia.org/wiki/%E5%91%89%E7%B7%9A,ok,
西日本旅客鉄道␟和歌山線,西日本旅客鉄道,和歌山線,jr_conventional,ordinary_linear,23,yes,jp-西日本旅客鉄道-和歌山線,1,87.402,36,87.553,83.141,36,36,35,36,0,0,PASS,,,0,,87.5,36,https://ja.wikipedia.org/wiki/%E5%92%8C%E6%AD%8C%E5%B1%B1%E7%B7%9A,ok,
西日本旅客鉄道␟因美線,西日本旅客鉄道,因美線,jr_conventional,ordinary_linear,24,yes,jp-西日本旅客鉄道-因美線,1,70.824,19,71.016,68.646,19,19,18,19,0,0,PASS,,,0,,70.8,19,https://ja.wikipedia.org/wiki/%E5%9B%A0%E7%BE%8E%E7%B7%9A,ok,
西日本旅客鉄道␟城端線,西日本旅客鉄道,城端線,jr_conventional,ordinary_linear,25,yes,jp-西日本旅客鉄道-城端線,1,29.736,14,29.889,28.382,14,14,13,14,0,0,PASS,,,0,,29.9,14,https://ja.wikipedia.org/wiki/%E5%9F%8E%E7%AB%AF%E7%B7%9A,ok,
西日本旅客鉄道␟境線,西日本旅客鉄道,境線,jr_conventional,ordinary_linear,26,yes,jp-西日本旅客鉄道-境線,1,18.254,16,18.437,16.816,16,16,15,16,0,0,PASS,,,0,,17.9,16,https://ja.wikipedia.org/wiki/%E5%A2%83%E7%B7%9A,ok,
西日本旅客鉄道␟大糸線,西日本旅客鉄道,大糸線,jr_conventional,ordinary_linear,25,yes,jp-西日本旅客鉄道-大糸線,1,35.288,9,35.52,34.532,9,9,8,9,0,0,PASS,,,0,,35.3,9,https://ja.wikipedia.org/wiki/%E5%A4%A7%E7%B3%B8%E7%B7%9A,ok,JR西日本区間 南小谷-糸魚川 (全線105.4km/41駅のうち)
西日本旅客鉄道␟大阪環状線,西日本旅客鉄道,大阪環状線,jr_conventional,loop,26,yes,jp-西日本旅客鉄道-大阪環状線,1,21.775,19,21.768,18.427,19,19,19,19,0,0,PASS,,,0,,21.7,19,https://ja.wikipedia.org/wiki/%E5%A4%A7%E9%98%AA%E7%92%B0%E7%8A%B6%E7%B7%9A,ok,線路名称公告の一周21.7km; 鉄道要覧は新今宮-天王寺1.0kmを除く20.7km
西日本旅客鉄道␟奈良線,西日本旅客鉄道,奈良線,jr_conventional,ordinary_linear,25,yes,jp-西日本旅客鉄道-奈良線,1,34.856,19,35.481,32.849,19,19,18,19,0,0,PASS,,,0,,34.7,19,https://ja.wikipedia.org/wiki/%E5%A5%88%E8%89%AF%E7%B7%9A,ok,
西日本旅客鉄道␟姫新線,西日本旅客鉄道,姫新線,jr_conventional,ordinary_linear,23,yes,jp-西日本旅客鉄道-姫新線,1,157.915,36,159.499,154.348,36,36,35,36,0,0,PASS,,,0,,158.1,36,https://ja.wikipedia.org/wiki/%E5%A7%AB%E6%96%B0%E7%B7%9A,ok,
西日本旅客鉄道␟宇部線,西日本旅客鉄道,宇部線,jr_conventional,ordinary_linear,25,yes,jp-西日本旅客鉄道-宇部線,1,33.36,18,33.615,31.431,18,18,17,18,0,0,PASS,,,0,,33.2,18,https://ja.wikipedia.org/wiki/%E5%AE%87%E9%83%A8%E7%B7%9A,ok,
西日本旅客鉄道␟宇野線,西日本旅客鉄道,宇野線,jr_conventional,ordinary_linear,25,yes,jp-西日本旅客鉄道-宇野線,1,32.773,15,33.027,29.964,15,15,14,15,0,0,PASS,,,0,,32.8,15,https://ja.wikipedia.org/wiki/%E5%AE%87%E9%87%8E%E7%B7%9A,ok,
西日本旅客鉄道␟小浜線,西日本旅客鉄道,小浜線,jr_conventional,ordinary_linear,23,yes,jp-西日本旅客鉄道-小浜線,1,84.224,24,84.482,80.834,24,24,23,24,0,0,PASS,,,0,,84.3,24,https://ja.wikipedia.org/wiki/%E5%B0%8F%E6%B5%9C%E7%B7%9A,ok,
西日本旅客鉄道␟小野田線,西日本旅客鉄道,小野田線,jr_conventional,branched_terminal,26,yes,jp-西日本旅客鉄道-小野田線|jp-西日本旅客鉄道-小野田線-2,2,13.986,12,14.177,12.922,11,12,10,12,0,0,PASS,,"1 audited branch part(s) drawn as sibling display line(s) | 1 interval(s) differ from the audited distance: [('雀田', '浜河内', 1.411, 1.229)]",0,,13.9,11,https://ja.wikipedia.org/wiki/%E5%B0%8F%E9%87%8E%E7%94%B0%E7%B7%9A,ok,本線11.6+本山支線2.3
西日本旅客鉄道␟山口線,西日本旅客鉄道,山口線,jr_conventional,ordinary_linear,23,yes,jp-西日本旅客鉄道-山口線,1,93.943,28,94.157,91.138,28,28,27,28,0,0,PASS,,,0,,93.9,28,https://ja.wikipedia.org/wiki/%E5%B1%B1%E5%8F%A3%E7%B7%9A,ok,
西日本旅客鉄道␟山陰線,西日本旅客鉄道,山陰線,jr_conventional,branched_terminal,23,yes,jp-西日本旅客鉄道-山陰線|jp-西日本旅客鉄道-山陰線-2,2,681.488,163,677.976,648.082,161,161,161,162,1,0,PASS,,trunk plus 1 branch(es) split from the graph (1 rejoining route(s)),0,,676,161,https://ja.wikipedia.org/wiki/%E5%B1%B1%E9%99%B0%E6%9C%AC%E7%B7%9A,mismatch_stations,支線含む673.8+2.2; part2が長門市-仙崎の先の本線(長門三隅まで)を重複描画
西日本旅客鉄道␟山陽新幹線,西日本旅客鉄道,山陽新幹線,shinkansen,ordinary_linear,16,yes,jp-西日本旅客鉄道-山陽新幹線,1,553.138,19,554.931,545.709,19,20,18,19,0,0,PASS,,,0,,553.7,19,https://ja.wikipedia.org/wiki/%E5%B1%B1%E9%99%BD%E6%96%B0%E5%B9%B9%E7%B7%9A,ok,実キロ553.7と一致 (運賃計算用の営業キロは644.0)
西日本旅客鉄道␟山陽線,西日本旅客鉄道,山陽線,jr_conventional,disconnected,23,yes,jp-西日本旅客鉄道-山陽線|jp-西日本旅客鉄道-山陽線-2|jp-西日本旅客鉄道-山陽線-3|jp-西日本旅客鉄道-山陽線-4,4,521.028,128,551.765,504.153,127,131,128,128,0,0,WARNING,uncovered_corridor,"大久保–明石 skips 西明石 over the same track — service edge, not a second alignment; 寺家–瀬野 skips 八本松 over the same track — service edge, not a second alignment; 広島–向洋 skips 天神川 over the same track — service edge, not a second alignment; trunk plus 1 branch(es) split from the graph; 2 disconnected piece(s) drawn as separate display lines | 2 unconnected track group(s) under one station order — drawn as separate lines | 4 interval(s) differ from the audited distance: [('倉敷', '西阿知', 4.327, 3.673), ('安芸中野', '海田市', 4.359, 3.561), ('天神川', '広島', 2.528, 1.911)] | 1 interval(s) differ from the audited distance: [('神戸', '兵庫', 1.882, 1.556)]",3,,530.8,127,https://ja.wikipedia.org/wiki/%E5%B1%B1%E9%99%BD%E6%9C%AC%E7%B7%9A,ok,JR西区間 神戸-下関528.1+和田岬2.7; 旅客駅128から九州の門司を除く
西日本旅客鉄道␟岩徳線,西日本旅客鉄道,岩徳線,jr_conventional,ordinary_linear,25,yes,jp-西日本旅客鉄道-岩徳線,1,43.607,15,43.908,40.747,15,15,14,15,0,0,PASS,,,0,,43.7,15,https://ja.wikipedia.org/wiki/%E5%B2%A9%E5%BE%B3%E7%B7%9A,ok,
西日本旅客鉄道␟播但線,西日本旅客鉄道,播但線,jr_conventional,ordinary_linear,24,yes,jp-西日本旅客鉄道-播但線,1,65.966,18,66.311,63.665,18,18,17,18,0,0,PASS,,,0,,65.7,18,https://ja.wikipedia.org/wiki/%E6%92%AD%E4%BD%86%E7%B7%9A,ok,
西日本旅客鉄道␟木次線,西日本旅客鉄道,木次線,jr_conventional,reversing_linear,24,yes,jp-西日本旅客鉄道-木次線,1,82.06,18,82.228,80.487,18,18,17,18,0,0,WARNING,sharp_artificial_turn,,0,,81.9,18,https://ja.wikipedia.org/wiki/%E6%9C%A8%E6%AC%A1%E7%B7%9A,ok,
西日本旅客鉄道␟本四備讃線,西日本旅客鉄道,本四備讃線,jr_conventional,ordinary_linear,26,yes,jp-西日本旅客鉄道-本四備讃線,1,12.98,5,13.222,12.398,5,5,4,5,0,0,PASS,,,0,,12.9,5,https://ja.wikipedia.org/wiki/%E6%9C%AC%E5%9B%9B%E5%82%99%E8%AE%83%E7%B7%9A,ok,JR西日本区間 茶屋町-児島 (全長31.0km/6駅のうち)
西日本旅客鉄道␟東海道線,西日本旅客鉄道,東海道線,jr_conventional,branch_rejoins,23,yes,jp-西日本旅客鉄道-東海道線|jp-西日本旅客鉄道-東海道線-2,2,144.426,54,156.847,135.862,53,59,52,54,0,0,PASS,,"trunk plus 1 branch(es) split from the graph | 1 interval(s) differ from the audited distance: [('米原', '彦根', 5.901, 5.495)] | anchors re-chosen against the audited distances — several tracks share this line's N02 key",0,,143.6,52,https://ja.wikipedia.org/wiki/%E6%9D%B1%E6%B5%B7%E9%81%93%E6%9C%AC%E7%B7%9A,ok,JR西区間 米原-神戸 143.6km/旅客駅52は本体partと一致; part2は0.9kmの梅田貨物線で福島(環状線所属)が加算
西日本旅客鉄道␟桜井線,西日本旅客鉄道,桜井線,jr_conventional,ordinary_linear,25,yes,jp-西日本旅客鉄道-桜井線,1,29.31,14,29.533,27.148,14,14,13,14,0,0,PASS,,,0,,29.4,14,https://ja.wikipedia.org/wiki/%E6%A1%9C%E4%BA%95%E7%B7%9A,ok,
西日本旅客鉄道␟桜島線,西日本旅客鉄道,桜島線,jr_conventional,ordinary_linear,26,yes,jp-西日本旅客鉄道-桜島線,1,4.191,4,4.353,3.776,4,4,3,4,0,0,PASS,,,0,,4.1,4,https://ja.wikipedia.org/wiki/%E6%A1%9C%E5%B3%B6%E7%B7%9A,ok,
西日本旅客鉄道␟氷見線,西日本旅客鉄道,氷見線,jr_conventional,ordinary_linear,26,yes,jp-西日本旅客鉄道-氷見線,1,16.565,8,16.725,15.67,8,8,7,8,0,0,PASS,,,0,,16.5,8,https://ja.wikipedia.org/wiki/%E6%B0%B7%E8%A6%8B%E7%B7%9A,ok,
西日本旅客鉄道␟津山線,西日本旅客鉄道,津山線,jr_conventional,ordinary_linear,24,yes,jp-西日本旅客鉄道-津山線,1,58.656,17,58.942,56.551,17,17,16,17,0,0,PASS,,,0,,58.7,17,https://ja.wikipedia.org/wiki/%E6%B4%A5%E5%B1%B1%E7%B7%9A,ok,
西日本旅客鉄道␟湖西線,西日本旅客鉄道,湖西線,jr_conventional,ordinary_linear,24,yes,jp-西日本旅客鉄道-湖西線,1,74.41,21,74.706,69.543,21,21,20,21,0,0,PASS,,,0,,74.1,21,https://ja.wikipedia.org/wiki/%E6%B9%96%E8%A5%BF%E7%B7%9A,ok,
西日本旅客鉄道␟片町線,西日本旅客鉄道,片町線,jr_conventional,ordinary_linear,25,yes,jp-西日本旅客鉄道-片町線,1,44.897,24,45.119,42.066,24,24,23,24,0,0,PASS,,,0,,44.8,24,https://ja.wikipedia.org/wiki/%E7%89%87%E7%94%BA%E7%B7%9A,ok,本線のみ (貨物支線3.7+1.5kmは非描画)
西日本旅客鉄道␟福塩線,西日本旅客鉄道,福塩線,jr_conventional,ordinary_linear,24,yes,jp-西日本旅客鉄道-福塩線,1,77.823,27,78.064,75.385,27,27,26,27,0,0,PASS,,,0,,78,27,https://ja.wikipedia.org/wiki/%E7%A6%8F%E5%A1%A9%E7%B7%9A,ok,
西日本旅客鉄道␟福知山線,西日本旅客鉄道,福知山線,jr_conventional,ordinary_linear,23,yes,jp-西日本旅客鉄道-福知山線,1,106.79,30,109.23,101.746,30,30,29,30,0,0,PASS,,,0,,106.5,30,https://ja.wikipedia.org/wiki/%E7%A6%8F%E7%9F%A5%E5%B1%B1%E7%B7%9A,ok,
西日本旅客鉄道␟紀勢線,西日本旅客鉄道,紀勢線,jr_conventional,ordinary_linear,23,yes,jp-西日本旅客鉄道-紀勢線,1,201.334,56,215.704,194.255,56,56,55,56,0,0,PASS,,,0,,204,56,https://ja.wikipedia.org/wiki/%E7%B4%80%E5%8B%A2%E6%9C%AC%E7%B7%9A,ok,JR西日本区間 新宮-和歌山市 (全線384.2km/96駅のうち)
西日本旅客鉄道␟美祢線,西日本旅客鉄道,美祢線,jr_conventional,ordinary_linear,25,yes,jp-西日本旅客鉄道-美祢線,1,46.075,12,46.276,44.886,12,12,11,12,0,0,PASS,,,0,,46,12,https://ja.wikipedia.org/wiki/%E7%BE%8E%E7%A5%A2%E7%B7%9A,ok,
西日本旅客鉄道␟舞鶴線,西日本旅客鉄道,舞鶴線,jr_conventional,ordinary_linear,25,yes,jp-西日本旅客鉄道-舞鶴線,1,26.507,6,26.716,25.634,6,6,5,6,0,0,PASS,,,0,,26.4,6,https://ja.wikipedia.org/wiki/%E8%88%9E%E9%B6%B4%E7%B7%9A,ok,
西日本旅客鉄道␟芸備線,西日本旅客鉄道,芸備線,jr_conventional,branched_terminal,23,yes,jp-西日本旅客鉄道-芸備線,1,159.072,44,159.51,155.406,44,44,43,44,0,0,PASS,,,0,,159.1,44,https://ja.wikipedia.org/wiki/%E8%8A%B8%E5%82%99%E7%B7%9A,ok,
西日本旅客鉄道␟草津線,西日本旅客鉄道,草津線,jr_conventional,branch_rejoins,25,yes,jp-西日本旅客鉄道-草津線,1,36.616,11,39.306,36.948,11,12,10,11,0,0,PASS,,,0,,36.7,11,https://ja.wikipedia.org/wiki/%E8%8D%89%E6%B4%A5%E7%B7%9A,ok,
西日本旅客鉄道␟赤穂線,西日本旅客鉄道,赤穂線,jr_conventional,ordinary_linear,24,yes,jp-西日本旅客鉄道-赤穂線,1,57.432,19,57.748,54.551,19,19,18,19,0,0,PASS,,,0,,57.4,19,https://ja.wikipedia.org/wiki/%E8%B5%A4%E7%A9%82%E7%B7%9A,ok,旅客駅19 (貨物駅西浜を含めると20)
西日本旅客鉄道␟越美北線,西日本旅客鉄道,越美北線,jr_conventional,ordinary_linear,24,yes,jp-西日本旅客鉄道-越美北線,1,52.367,22,52.574,50.846,22,22,21,22,0,0,PASS,,,0,,52.5,22,https://ja.wikipedia.org/wiki/越美北線,ok,
西日本旅客鉄道␟関西空港線,西日本旅客鉄道,関西空港線,jr_conventional,ordinary_linear,26,yes,jp-西日本旅客鉄道-関西空港線,1,11.25,3,11.638,10.708,3,3,2,3,0,0,PASS,,,0,,11.1,3,https://ja.wikipedia.org/wiki/関西空港線,ok,
西日本旅客鉄道␟関西線,西日本旅客鉄道,関西線,jr_conventional,complex_multicycle,23,yes,jp-西日本旅客鉄道-関西線,1,114.861,33,117.996,110.52,33,34,33,33,0,0,PASS,,"法隆寺–三郷 skips 王寺 over the same track — service edge, not a second alignment",1,,115.0,33,https://ja.wikipedia.org/wiki/関西本線,ok,JR West section 亀山〜JR難波 only (wiki says 32駅 excluding 亀山); freight branches excluded
西日本旅客鉄道␟阪和線,西日本旅客鉄道,阪和線,jr_conventional,branched_terminal,24,yes,jp-西日本旅客鉄道-阪和線|jp-西日本旅客鉄道-阪和線-2,2,63.233,37,63.215,57.71,36,37,35,37,0,0,PASS,,"1 audited branch part(s) drawn as sibling display line(s) | 1 interval(s) differ from the audited distance: [('東羽衣', '鳳', 2.015, 1.506)]",0,,63.0,36,https://ja.wikipedia.org/wiki/阪和線,ok,61.3 main + 1.7 東羽衣支線; +1 station is the 鳳 junction counted in both parts
西日本旅客鉄道␟高山線,西日本旅客鉄道,高山線,jr_conventional,ordinary_linear,25,yes,jp-西日本旅客鉄道-高山線,1,36.479,10,36.663,35.287,10,10,9,10,0,0,PASS,,,0,,36.6,10,https://ja.wikipedia.org/wiki/高山本線,ok,JR West section 猪谷〜富山 only
西日本鉄道␟天神大牟田線,西日本鉄道,天神大牟田線,private,ordinary_linear,46,yes,jp-西日本鉄道-天神大牟田線,1,75.001,50,75.274,68.94,50,50,49,50,0,0,PASS,,,0,,74.8,50,https://ja.wikipedia.org/wiki/西鉄天神大牟田線,ok,
西日本鉄道␟太宰府線,西日本鉄道,太宰府線,private,ordinary_linear,46,yes,jp-西日本鉄道-太宰府線,1,2.399,3,2.523,2.168,3,3,2,3,0,0,PASS,,,0,,2.4,3,https://ja.wikipedia.org/wiki/西鉄太宰府線,ok,
西日本鉄道␟甘木線,西日本鉄道,甘木線,private,ordinary_linear,46,yes,jp-西日本鉄道-甘木線,1,17.845,12,17.907,17.083,12,12,11,12,0,0,PASS,,,0,,17.9,12,https://ja.wikipedia.org/wiki/西鉄甘木線,ok,
西日本鉄道␟貝塚線,西日本鉄道,貝塚線,private,ordinary_linear,46,yes,jp-西日本鉄道-貝塚線,1,11.161,10,11.32,10.215,10,10,9,10,0,0,PASS,,,0,,11.0,10,https://ja.wikipedia.org/wiki/西鉄貝塚線,ok,
西武鉄道␟国分寺線,西武鉄道,国分寺線,private,ordinary_linear,36,yes,jp-西武鉄道-国分寺線,1,7.713,5,7.952,7.145,5,5,4,5,0,0,PASS,,,0,,7.8,5,https://ja.wikipedia.org/wiki/西武国分寺線,ok,
西武鉄道␟多摩川線,西武鉄道,多摩川線,private,ordinary_linear,36,yes,jp-西武鉄道-多摩川線,1,8.017,6,8.109,7.412,6,6,5,6,0,0,PASS,,,0,,8.0,6,https://ja.wikipedia.org/wiki/西武多摩川線,ok,
西武鉄道␟多摩湖線,西武鉄道,多摩湖線,private,ordinary_linear,36,yes,jp-西武鉄道-多摩湖線,1,9.122,7,9.231,8.462,7,7,6,7,0,0,PASS,,,0,,9.2,7,https://ja.wikipedia.org/wiki/西武多摩湖線,ok,
西武鉄道␟山口線,西武鉄道,山口線,agt,ordinary_linear,64,yes,jp-西武鉄道-山口線,1,2.898,3,3.01,2.702,3,3,2,3,0,0,PASS,,,0,,2.8,3,https://ja.wikipedia.org/wiki/西武山口線,ok,
西武鉄道␟拝島線,西武鉄道,拝島線,private,ordinary_linear,36,yes,jp-西武鉄道-拝島線,1,14.519,8,14.659,13.622,8,8,7,8,0,0,PASS,,,0,,14.3,8,https://ja.wikipedia.org/wiki/西武拝島線,ok,
西武鉄道␟新宿線,西武鉄道,新宿線,private,ordinary_linear,36,yes,jp-西武鉄道-新宿線,1,47.494,29,47.795,43.197,29,29,28,29,0,0,PASS,,,0,,47.5,29,https://ja.wikipedia.org/wiki/西武新宿線,ok,
西武鉄道␟池袋線,西武鉄道,池袋線,private,branched_terminal,36,yes,jp-西武鉄道-池袋線|jp-西武鉄道-池袋線-2,2,60.97,33,57.78,52.66,31,31,31,33,0,0,PASS,,trunk plus 1 branch(es) split from the graph (1 rejoining route(s)),0,,57.8,31,https://ja.wikipedia.org/wiki/西武池袋線,mismatch_both,飯能 switchback double-drawn: trunk part has a 3.06 km 東飯能→元加治 skip edge plus a 3.73 km part via 飯能
西武鉄道␟狭山線,西武鉄道,狭山線,private,ordinary_linear,36,yes,jp-西武鉄道-狭山線,1,4.14,3,4.236,3.976,3,3,2,3,0,0,PASS,,,0,,4.2,3,https://ja.wikipedia.org/wiki/西武狭山線,ok,
西武鉄道␟西武園線,西武鉄道,西武園線,private,ordinary_linear,36,yes,jp-西武鉄道-西武園線,1,2.495,2,2.643,2.346,2,2,1,2,0,0,PASS,,,0,,2.4,2,https://ja.wikipedia.org/wiki/西武園線,ok,
西武鉄道␟西武有楽町線,西武鉄道,西武有楽町線,private,ordinary_linear,36,yes,jp-西武鉄道-西武有楽町線,1,2.554,3,2.76,2.115,3,3,2,3,0,0,PASS,,,0,,2.6,3,https://ja.wikipedia.org/wiki/西武有楽町線,ok,
西武鉄道␟西武秩父線,西武鉄道,西武秩父線,private,branched_terminal,36,yes,jp-西武鉄道-西武秩父線,1,18.805,6,19.033,18.079,6,6,5,6,0,0,PASS,,,0,,19.0,6,https://ja.wikipedia.org/wiki/西武秩父線,ok,
西武鉄道␟豊島線,西武鉄道,豊島線,private,ordinary_linear,36,yes,jp-西武鉄道-豊島線,1,0.988,2,1.139,0.836,2,2,1,2,0,0,PASS,,,0,,1.0,2,https://ja.wikipedia.org/wiki/西武豊島線,ok,
豊橋鉄道␟東田本線,豊橋鉄道,東田本線,tram,branched_terminal,62,yes,jp-豊橋鉄道-東田本線|jp-豊橋鉄道-東田本線-2,2,5.421,15,5.469,4.796,14,14,13,15,0,0,PASS,,1 audited branch part(s) drawn as sibling display line(s),0,,5.4,14,https://ja.wikipedia.org/wiki/豊橋鉄道東田本線,ok,4.8 main + 0.6 運動公園前支線; +1 stop is the 井原 junction counted in both parts
豊橋鉄道␟渥美線,豊橋鉄道,渥美線,private,ordinary_linear,51,yes,jp-豊橋鉄道-渥美線,1,17.994,16,18.11,16.783,16,16,15,16,0,0,PASS,,,0,,18.0,16,https://ja.wikipedia.org/wiki/豊橋鉄道渥美線,ok,
近江鉄道␟八日市線,近江鉄道,八日市線,private,ordinary_linear,48,yes,jp-近江鉄道-八日市線,1,9.255,7,9.334,8.817,7,7,6,7,0,0,PASS,,,0,,9.3,7,https://ja.wikipedia.org/wiki/近江鉄道八日市線,ok,
近江鉄道␟多賀線,近江鉄道,多賀線,private,ordinary_linear,48,yes,jp-近江鉄道-多賀線,1,2.417,3,2.618,2.416,3,3,2,3,0,0,PASS,,,0,,2.5,3,https://ja.wikipedia.org/wiki/近江鉄道多賀線,ok,
近江鉄道␟本線,近江鉄道,本線,private,ordinary_linear,48,yes,jp-近江鉄道-本線,1,47.7,25,47.77,45.701,25,25,24,25,0,0,PASS,,,0,,47.7,25,https://ja.wikipedia.org/wiki/近江鉄道本線,ok,
近畿日本鉄道␟けいはんな線,近畿日本鉄道,けいはんな線,private,ordinary_linear,40,yes,jp-近畿日本鉄道-けいはんな線,1,18.44,8,18.6,17.394,8,8,7,8,0,0,PASS,,,0,,18.8,8,https://ja.wikipedia.org/wiki/近鉄けいはんな線,ok,
近畿日本鉄道␟京都線,近畿日本鉄道,京都線,private,ordinary_linear,40,yes,jp-近畿日本鉄道-京都線,1,34.894,26,35.202,31.982,26,26,25,26,0,0,PASS,,,0,,34.6,26,https://ja.wikipedia.org/wiki/近鉄京都線,ok,
近畿日本鉄道␟信貴線,近畿日本鉄道,信貴線,private,ordinary_linear,41,yes,jp-近畿日本鉄道-信貴線,1,2.8,3,2.95,2.571,3,3,2,3,0,0,PASS,,,0,,2.8,3,https://ja.wikipedia.org/wiki/近鉄信貴線,ok,
近畿日本鉄道␟南大阪線,近畿日本鉄道,南大阪線,private,ordinary_linear,40,yes,jp-近畿日本鉄道-南大阪線,1,39.628,28,39.834,36.102,28,28,27,28,0,0,PASS,,,0,,39.7,28,https://ja.wikipedia.org/wiki/近鉄南大阪線,ok,
近畿日本鉄道␟吉野線,近畿日本鉄道,吉野線,private,branched_terminal,40,yes,jp-近畿日本鉄道-吉野線,1,25.185,16,25.518,24.028,16,16,15,16,0,0,PASS,,,0,,25.2,16,https://ja.wikipedia.org/wiki/近鉄吉野線,ok,
近畿日本鉄道␟名古屋線,近畿日本鉄道,名古屋線,private,ordinary_linear,40,yes,jp-近畿日本鉄道-名古屋線,1,78.877,44,78.996,73.656,44,44,43,44,0,0,PASS,,,0,,78.8,44,https://ja.wikipedia.org/wiki/近鉄名古屋線,ok,
近畿日本鉄道␟大阪線,近畿日本鉄道,大阪線,private,branch_rejoins,40,yes,jp-近畿日本鉄道-大阪線,1,107.354,48,109.771,101.858,48,49,47,48,0,0,PASS,,,0,,108.9,48,https://ja.wikipedia.org/wiki/近鉄大阪線,ok,"drawn 1.55 km short, inside the 3% tolerance"
近畿日本鉄道␟天理線,近畿日本鉄道,天理線,private,ordinary_linear,41,yes,jp-近畿日本鉄道-天理線,1,4.373,4,4.541,3.995,4,4,3,4,0,0,PASS,,,0,,4.5,4,https://ja.wikipedia.org/wiki/近鉄天理線,ok,
近畿日本鉄道␟奈良線,近畿日本鉄道,奈良線,private,ordinary_linear,40,yes,jp-近畿日本鉄道-奈良線,1,26.583,19,26.743,23.929,19,19,18,19,0,0,PASS,,,0,,26.7,19,https://ja.wikipedia.org/wiki/近鉄奈良線,ok,
近畿日本鉄道␟山田線,近畿日本鉄道,山田線,private,disconnected,40,yes,jp-近畿日本鉄道-山田線,1,28.224,14,28.383,27.063,14,14,13,14,0,0,PASS,,,0,,28.3,14,https://ja.wikipedia.org/wiki/近鉄山田線,ok,
近畿日本鉄道␟御所線,近畿日本鉄道,御所線,private,ordinary_linear,41,yes,jp-近畿日本鉄道-御所線,1,5.322,4,5.496,4.969,4,4,3,4,0,0,PASS,,,0,,5.2,4,https://ja.wikipedia.org/wiki/近鉄御所線,ok,
近畿日本鉄道␟志摩線,近畿日本鉄道,志摩線,private,ordinary_linear,40,yes,jp-近畿日本鉄道-志摩線,1,24.62,16,24.71,23.423,16,16,15,16,0,0,PASS,,,0,,24.5,16,https://ja.wikipedia.org/wiki/近鉄志摩線,ok,
近畿日本鉄道␟橿原線,近畿日本鉄道,橿原線,private,branch_rejoins,40,yes,jp-近畿日本鉄道-橿原線|jp-近畿日本鉄道-橿原線-2,2,25.533,19,25.924,23.833,17,17,17,19,0,0,PASS,,"trunk plus 1 branch(es) split from the graph (1 rejoining route(s)) | 1 interval(s) differ from the audited distance: [('新ノ口', '八木西口', 1.766, 2.115)]",0,,23.8,17,https://ja.wikipedia.org/wiki/近鉄橿原線,mismatch_both,大和八木 corridor double-drawn: trunk part has a 1.767 km 新ノ口→八木西口 skip edge plus an identical 1.767 km part via 大和八木
近畿日本鉄道␟湯の山線,近畿日本鉄道,湯の山線,private,ordinary_linear,40,yes,jp-近畿日本鉄道-湯の山線,1,15.427,10,15.517,14.748,10,10,9,10,0,0,PASS,,,0,,15.4,10,https://ja.wikipedia.org/wiki/近鉄湯の山線,ok,
近畿日本鉄道␟生駒線,近畿日本鉄道,生駒線,private,ordinary_linear,41,yes,jp-近畿日本鉄道-生駒線,1,12.461,12,12.6,11.548,12,12,11,12,0,0,PASS,,,0,,12.4,12,https://ja.wikipedia.org/wiki/近鉄生駒線,ok,
近畿日本鉄道␟生駒鋼索線,近畿日本鉄道,生駒鋼索線,funicular,ordinary_linear,63,yes,jp-近畿日本鉄道-生駒鋼索線,1,2.004,5,2.077,1.74,5,5,4,5,0,0,PASS,,,0,,2.0,5,https://ja.wikipedia.org/wiki/近鉄生駒鋼索線,ok,宝山寺線+山上線 combined
近畿日本鉄道␟田原本線,近畿日本鉄道,田原本線,private,ordinary_linear,41,yes,jp-近畿日本鉄道-田原本線,1,10.078,8,10.173,9.516,8,8,7,8,0,0,PASS,,,0,,10.1,8,https://ja.wikipedia.org/wiki/近鉄田原本線,ok,
近畿日本鉄道␟西信貴鋼索線,近畿日本鉄道,西信貴鋼索線,funicular,ordinary_linear,63,yes,jp-近畿日本鉄道-西信貴鋼索線,1,1.27,2,1.377,1.16,2,2,1,2,0,0,PASS,,,0,,1.3,2,https://ja.wikipedia.org/wiki/近鉄西信貴鋼索線,ok,
近畿日本鉄道␟道明寺線,近畿日本鉄道,道明寺線,private,ordinary_linear,41,yes,jp-近畿日本鉄道-道明寺線,1,2.177,3,2.339,1.944,3,3,2,3,0,0,PASS,,,0,,2.2,3,https://ja.wikipedia.org/wiki/近鉄道明寺線,ok,
近畿日本鉄道␟鈴鹿線,近畿日本鉄道,鈴鹿線,private,ordinary_linear,41,yes,jp-近畿日本鉄道-鈴鹿線,1,8.152,5,8.265,7.803,5,5,4,5,0,0,PASS,,,0,,8.2,5,https://ja.wikipedia.org/wiki/近鉄鈴鹿線,ok,
近畿日本鉄道␟長野線,近畿日本鉄道,長野線,private,ordinary_linear,41,yes,jp-近畿日本鉄道-長野線,1,12.476,8,12.659,11.597,8,8,7,8,0,0,PASS,,,0,,12.5,8,https://ja.wikipedia.org/wiki/近鉄長野線,ok,
近畿日本鉄道␟難波線,近畿日本鉄道,難波線,private,ordinary_linear,41,yes,jp-近畿日本鉄道-難波線,1,1.869,3,2.056,1.586,3,3,2,3,0,0,PASS,,,0,,2.0,3,https://ja.wikipedia.org/wiki/近鉄難波線,ok,
近畿日本鉄道␟鳥羽線,近畿日本鉄道,鳥羽線,private,ordinary_linear,41,yes,jp-近畿日本鉄道-鳥羽線,1,13.199,5,13.289,12.713,5,5,4,5,0,0,PASS,,,0,,13.2,5,https://ja.wikipedia.org/wiki/近鉄鳥羽線,ok,
道南いさりび鉄道␟道南いさりび鉄道線,道南いさりび鉄道,道南いさりび鉄道線,third_sector,ordinary_linear,55,yes,jp-道南いさりび鉄道-道南いさりび鉄道線,1,37.792,12,38.775,36.537,12,12,11,12,0,0,PASS,,,0,,37.8,12,https://ja.wikipedia.org/wiki/道南いさりび鉄道線,ok,wiki 13駅 includes 1 freight-only station; 12 passenger stations
遠州鉄道␟鉄道線,遠州鉄道,鉄道線,private,ordinary_linear,51,yes,jp-遠州鉄道-鉄道線,1,17.879,18,17.955,16.537,18,18,17,18,0,0,PASS,,,0,,17.8,18,https://ja.wikipedia.org/wiki/遠州鉄道鉄道線,ok,
野岩鉄道␟会津鬼怒川線,野岩鉄道,会津鬼怒川線,third_sector,ordinary_linear,56,yes,jp-野岩鉄道-会津鬼怒川線,1,30.829,9,30.921,30.193,9,9,8,9,0,0,PASS,,,0,,30.7,9,https://ja.wikipedia.org/wiki/会津鬼怒川線,ok,
銚子電気鉄道␟銚子電気鉄道線,銚子電気鉄道,銚子電気鉄道線,private,ordinary_linear,52,yes,jp-銚子電気鉄道-銚子電気鉄道線,1,6.486,10,6.643,5.705,10,10,9,10,0,0,PASS,,,0,,6.4,10,https://ja.wikipedia.org/wiki/銚子電気鉄道線,ok,
錦川鉄道␟錦川清流線,錦川鉄道,錦川清流線,third_sector,ordinary_linear,56,yes,jp-錦川鉄道-錦川清流線,1,32.663,13,32.758,31.704,13,13,12,13,0,0,PASS,,,0,,32.7,13,https://ja.wikipedia.org/wiki/錦川鉄道錦川清流線,ok,official count includes the temporary station
長崎電気軌道␟大浦支線,長崎電気軌道,大浦支線,tram,ordinary_linear,59,yes,jp-長崎電気軌道-大浦支線,1,1.142,5,1.189,0.944,5,5,4,5,0,0,PASS,,,0,,1.1,5,https://ja.wikipedia.org/wiki/長崎電気軌道大浦支線,ok,
長崎電気軌道␟本線,長崎電気軌道,本線,tram,branched_terminal,59,yes,jp-長崎電気軌道-本線,1,6.974,25,7.047,5.779,25,25,24,25,0,0,PASS,,,0,,7.0,25,https://ja.wikipedia.org/wiki/長崎電気軌道本線,ok,
長崎電気軌道␟桜町支線,長崎電気軌道,桜町支線,tram,ordinary_linear,59,yes,jp-長崎電気軌道-桜町支線,1,0.913,3,0.964,0.837,3,3,2,3,0,0,PASS,,,0,,0.9,3,https://ja.wikipedia.org/wiki/長崎電気軌道桜町支線,ok,
長崎電気軌道␟蛍茶屋支線,長崎電気軌道,蛍茶屋支線,tram,branch_rejoins,59,yes,jp-長崎電気軌道-蛍茶屋支線,1,2.183,8,2.272,1.862,8,8,7,8,0,0,PASS,,,0,,2.2,8,https://ja.wikipedia.org/wiki/長崎電気軌道蛍茶屋支線,ok,
長崎電気軌道␟赤迫支線,長崎電気軌道,赤迫支線,tram,ordinary_linear,59,yes,jp-長崎電気軌道-赤迫支線,1,0.325,2,0.377,0.276,2,2,1,2,0,0,PASS,,,0,,0.3,2,https://ja.wikipedia.org/wiki/長崎電気軌道赤迫支線,ok,
長良川鉄道␟越美南線,長良川鉄道,越美南線,third_sector,ordinary_linear,54,yes,jp-長良川鉄道-越美南線,1,72.121,38,72.311,68.871,38,38,37,38,0,0,PASS,,,0,,72.1,38,https://ja.wikipedia.org/wiki/長良川鉄道越美南線,ok,
長野電鉄␟長野線,長野電鉄,長野線,private,ordinary_linear,51,yes,jp-長野電鉄-長野線,1,33.085,24,33.282,31.265,24,24,23,24,0,0,PASS,,,0,,33.1,24,https://ja.wikipedia.org/wiki/長野電鉄長野線,ok,
関東鉄道␟常総線,関東鉄道,常総線,private,ordinary_linear,49,yes,jp-関東鉄道-常総線,1,51.305,25,51.397,48.697,25,25,24,25,0,0,PASS,,,0,,51.1,25,https://ja.wikipedia.org/wiki/関東鉄道常総線,ok,
関東鉄道␟竜ヶ崎線,関東鉄道,竜ヶ崎線,private,ordinary_linear,49,yes,jp-関東鉄道-竜ヶ崎線,1,4.429,3,4.504,4.283,3,3,2,3,0,0,PASS,,,0,,4.5,3,https://ja.wikipedia.org/wiki/関東鉄道竜ヶ崎線,ok,
阪堺電気軌道␟上町線,阪堺電気軌道,上町線,tram,ordinary_linear,61,yes,jp-阪堺電気軌道-上町線,1,4.305,10,4.365,3.915,10,10,9,10,0,0,PASS,,,0,,4.3,10,https://ja.wikipedia.org/wiki/阪堺電気軌道上町線,ok,
阪堺電気軌道␟阪堺線,阪堺電気軌道,阪堺線,tram,ordinary_linear,61,yes,jp-阪堺電気軌道-阪堺線,1,14.012,31,14.071,12.34,31,32,30,31,0,0,PASS,,,0,,14.0,31,https://ja.wikipedia.org/wiki/阪堺電気軌道阪堺線,ok,
阪急電鉄␟京都線,阪急電鉄,京都線,private,ordinary_linear,44,yes,jp-阪急電鉄-京都線,1,45.195,27,45.324,41.284,27,27,26,27,0,0,PASS,,,0,,45.3,27,https://ja.wikipedia.org/wiki/阪急京都本線,ok,official article is 京都本線 十三-京都河原町
阪急電鉄␟今津線,阪急電鉄,今津線,private,branched_terminal,44,yes,jp-阪急電鉄-今津線|jp-阪急電鉄-今津線-2,2,8.423,10,9.907,8.405,10,11,9,10,0,0,PASS,,2 unconnected track group(s) under one station order — drawn as separate lines,0,,9.3,10,https://ja.wikipedia.org/wiki/阪急今津線,ok,km short by 0.88 (within 1.0 km tolerance but near the edge)
阪急電鉄␟伊丹線,阪急電鉄,伊丹線,private,ordinary_linear,44,yes,jp-阪急電鉄-伊丹線,1,3.058,4,3.173,2.765,4,4,3,4,0,0,PASS,,,0,,3.1,4,https://ja.wikipedia.org/wiki/阪急伊丹線,ok,
阪急電鉄␟千里線,阪急電鉄,千里線,private,ordinary_linear,44,yes,jp-阪急電鉄-千里線,1,13.539,11,13.752,12.059,11,11,10,11,0,0,PASS,,,0,,13.6,11,https://ja.wikipedia.org/wiki/阪急千里線,ok,
阪急電鉄␟宝塚線,阪急電鉄,宝塚線,private,branched_terminal,44,yes,jp-阪急電鉄-宝塚線,1,24.41,19,24.694,21.433,19,19,18,19,0,0,PASS,,,0,,24.5,19,https://ja.wikipedia.org/wiki/阪急宝塚本線,ok,official article is 宝塚本線
阪急電鉄␟嵐山線,阪急電鉄,嵐山線,private,ordinary_linear,44,yes,jp-阪急電鉄-嵐山線,1,4.098,4,4.327,3.661,4,4,3,4,0,0,PASS,,,0,,4.1,4,https://ja.wikipedia.org/wiki/阪急嵐山線,ok,
阪急電鉄␟甲陽線,阪急電鉄,甲陽線,private,ordinary_linear,44,yes,jp-阪急電鉄-甲陽線,1,2.118,3,2.223,1.943,3,3,2,3,0,0,PASS,,,0,,2.2,3,https://ja.wikipedia.org/wiki/阪急甲陽線,ok,
阪急電鉄␟神戸線,阪急電鉄,神戸線,private,ordinary_linear,44,yes,jp-阪急電鉄-神戸線,1,32.156,16,32.665,29.758,16,17,15,16,0,0,PASS,,,0,,32.3,16,https://ja.wikipedia.org/wiki/阪急神戸本線,ok,official article is 神戸本線
阪急電鉄␟神戸高速線,阪急電鉄,神戸高速線,private,ordinary_linear,44,yes,jp-阪急電鉄-神戸高速線,1,2.895,4,3.001,2.644,4,4,3,4,0,0,PASS,,,0,,2.8,4,https://ja.wikipedia.org/wiki/阪急神戸高速線,ok,
阪急電鉄␟箕面線,阪急電鉄,箕面線,private,ordinary_linear,44,yes,jp-阪急電鉄-箕面線,1,3.879,4,4.015,3.511,4,4,3,4,0,0,PASS,,,0,,4.0,4,https://ja.wikipedia.org/wiki/阪急箕面線,ok,
阪神電気鉄道␟本線,阪神電気鉄道,本線,private,ordinary_linear,46,yes,jp-阪神電気鉄道-本線,1,32.039,33,32.163,28.496,33,33,32,33,0,0,PASS,,,0,,32.1,33,https://ja.wikipedia.org/wiki/阪神本線,ok,official 33駅 plus 2 signal posts not counted
阪神電気鉄道␟武庫川線,阪神電気鉄道,武庫川線,private,ordinary_linear,46,yes,jp-阪神電気鉄道-武庫川線,1,1.636,4,1.71,1.417,4,4,3,4,0,0,PASS,,,0,,1.7,4,https://ja.wikipedia.org/wiki/阪神武庫川線,ok,
阪神電気鉄道␟神戸高速線,阪神電気鉄道,神戸高速線,private,ordinary_linear,46,yes,jp-阪神電気鉄道-神戸高速線,1,5.032,7,5.12,4.563,7,7,6,7,0,0,PASS,,,0,,5.0,7,https://ja.wikipedia.org/wiki/阪神神戸高速線,ok,
阪神電気鉄道␟阪神なんば線,阪神電気鉄道,阪神なんば線,private,ordinary_linear,46,yes,jp-阪神電気鉄道-阪神なんば線,1,10.206,11,10.329,8.958,11,12,10,11,0,0,PASS,,"1 interval(s) differ from the audited distance: [('九条', '西九条', 1.353, 1.133)]",0,,10.1,11,https://ja.wikipedia.org/wiki/阪神なんば線,ok,
阿佐海岸鉄道␟阿佐東線,阿佐海岸鉄道,阿佐東線,third_sector,ordinary_linear,57,yes,jp-阿佐海岸鉄道-阿佐東線,1,10.124,4,10.143,9.936,4,4,3,4,0,0,PASS,,,0,,10.0,2,https://ja.wikipedia.org/wiki/阿佐海岸鉄道阿佐東線,mismatch_stations,post-2021 DMV made 阿波海南 and 甲浦 信号場 so official 駅数 is 2; our 4 stops are the real DMV stops so likely not a defect
阿武隈急行␟阿武隈急行線,阿武隈急行,阿武隈急行線,third_sector,ordinary_linear,55,yes,jp-阿武隈急行-阿武隈急行線,1,55.081,24,56.175,52.998,24,24,23,24,0,0,PASS,,,0,,54.9,24,https://ja.wikipedia.org/wiki/阿武隈急行線,ok,
青い森鉄道␟青い森鉄道線,青い森鉄道,青い森鉄道線,third_sector,ordinary_linear,54,yes,jp-青い森鉄道-青い森鉄道線,1,122.023,27,132.926,116.843,27,27,26,27,0,0,PASS,,,0,,121.9,27,https://ja.wikipedia.org/wiki/青い森鉄道線,ok,infobox says 28駅（貨物駅含む）; 27 passenger stations excluding 八戸貨物
静岡鉄道␟静岡清水線,静岡鉄道,静岡清水線,private,ordinary_linear,52,yes,jp-静岡鉄道-静岡清水線,1,10.771,15,10.848,9.71,15,15,14,15,0,0,PASS,,,0,,11.0,15,https://ja.wikipedia.org/wiki/静岡鉄道静岡清水線,ok,
鞍馬寺␟鞍馬山鋼索鉄道,鞍馬寺,鞍馬山鋼索鉄道,funicular,ordinary_linear,65,yes,jp-鞍馬寺-鞍馬山鋼索鉄道,1,0.21,2,0.25,0.17,2,2,1,2,0,0,PASS,,,0,,0.2,2,https://ja.wikipedia.org/wiki/鞍馬山鋼索鉄道,ok,official 0.2 km (191 m)
養老鉄道␟養老線,養老鉄道,養老線,private,branched_terminal,50,yes,jp-養老鉄道-養老線|jp-養老鉄道-養老線-2,2,58.811,29,56.948,54.489,27,27,27,29,0,0,PASS,,trunk plus 1 branch(es) split from the graph (1 rejoining route(s)),0,,57.5,27,https://ja.wikipedia.org/wiki/養老鉄道養老線,mismatch_stations,drawn 29 across 2 parts exceeds the 28 cap; audit_stations 27 matches official so a junction is duplicated twice
首都圏新都市鉄道␟常磐新線,首都圏新都市鉄道,常磐新線,third_sector,branched_terminal,55,yes,jp-首都圏新都市鉄道-常磐新線,1,58.306,20,58.583,55.218,20,20,19,20,0,0,PASS,,,0,,58.3,20,https://ja.wikipedia.org/wiki/つくばエクスプレス,ok,
高尾登山電鉄␟高尾鋼索線,高尾登山電鉄,高尾鋼索線,funicular,ordinary_linear,65,yes,jp-高尾登山電鉄-高尾鋼索線,1,0.962,2,1.009,0.912,2,2,1,2,0,0,PASS,,,0,,1.020,2,https://ja.wikipedia.org/wiki/高尾登山電鉄,ok,
高松琴平電気鉄道␟志度線,高松琴平電気鉄道,志度線,private,ordinary_linear,48,yes,jp-高松琴平電気鉄道-志度線,1,12.391,16,12.46,11.276,16,16,15,16,0,0,PASS,,,0,,12.5,16,https://ja.wikipedia.org/wiki/高松琴平電気鉄道志度線,ok,
高松琴平電気鉄道␟琴平線,高松琴平電気鉄道,琴平線,private,ordinary_linear,48,yes,jp-高松琴平電気鉄道-琴平線,1,32.894,23,32.968,31.164,23,23,22,23,0,0,PASS,,,0,,32.9,23,https://ja.wikipedia.org/wiki/高松琴平電気鉄道琴平線,ok,
高松琴平電気鉄道␟長尾線,高松琴平電気鉄道,長尾線,private,ordinary_linear,48,yes,jp-高松琴平電気鉄道-長尾線,1,14.585,16,14.691,13.493,16,16,15,16,0,0,PASS,,,0,,14.6,16,https://ja.wikipedia.org/wiki/高松琴平電気鉄道長尾線,ok,
鹿児島市␟唐湊線,鹿児島市,唐湊線,tram,ordinary_linear,60,yes,jp-鹿児島市-唐湊線,1,2.803,10,2.842,2.406,10,10,9,10,0,0,PASS,,,0,,2.7,10,https://ja.wikipedia.org/wiki/鹿児島市電唐湊線,ok,
鹿児島市␟第一期線,鹿児島市,第一期線,tram,ordinary_linear,60,yes,jp-鹿児島市-第一期線,1,3.274,11,3.305,2.772,11,11,10,11,0,0,PASS,,,0,,3.0,11,https://ja.wikipedia.org/wiki/鹿児島市電第一期線,ok,
鹿児島市␟第二期線,鹿児島市,第二期線,tram,ordinary_linear,60,yes,jp-鹿児島市-第二期線,1,0.817,4,0.849,0.691,4,4,3,4,0,0,PASS,,,0,,1.0,4,https://ja.wikipedia.org/wiki/鹿児島市電第二期線,ok,
鹿児島市␟谷山線,鹿児島市,谷山線,tram,branched_terminal,60,yes,jp-鹿児島市-谷山線,1,6.332,14,6.44,5.727,14,14,13,14,0,0,PASS,,,0,,6.4,14,https://ja.wikipedia.org/wiki/鹿児島市電谷山線,ok,
鹿島臨海鉄道␟大洗鹿島線,鹿島臨海鉄道,大洗鹿島線,third_sector,ordinary_linear,55,yes,jp-鹿島臨海鉄道-大洗鹿島線,1,52.952,15,53.133,51.221,15,15,14,15,0,0,PASS,,,0,,53.0,15,https://ja.wikipedia.org/wiki/鹿島臨海鉄道大洗鹿島線,ok,
黒部峡谷鉄道␟本線,黒部峡谷鉄道,本線,private,ordinary_linear,51,yes,jp-黒部峡谷鉄道-本線,1,19.292,10,19.36,18.675,10,10,9,10,0,0,PASS,,,0,,20.1,10,https://ja.wikipedia.org/wiki/黒部峡谷鉄道本線,ok,10駅 includes 6 staff-only stations; only 4 take general passengers
